ticker,sector,community,strength,degree,eigenvector_centrality,pagerank,betweenness_centrality,positive_strength,negative_strength,edge_sign_ratio,avg_neighbor_risk,return_20d,volatility_20d,current_drawdown,downside_volatility_20d,date,layer,window,return_type,weights_used,degree_centrality,mean_edge_weight,closeness_centrality,harmonic_centrality,clustering,coreness,participation_coefficient,within_community_degree_z,avg_neighbor_strength,avg_neighbor_degree,avg_neighbor_volatility,neighbor_downside_exposure,avg_neighbor_drawdown,rank_strength,rank_eigenvector_centrality,rank_pagerank,rank_betweenness_centrality,strength_change_1d,strength_change_5d,strength_change_20d,strength_acceleration,strength_zscore_60,eigenvector_centrality_change_1d,eigenvector_centrality_change_5d,eigenvector_centrality_change_20d,eigenvector_centrality_acceleration,eigenvector_centrality_zscore_60,pagerank_change_1d,pagerank_change_5d,pagerank_change_20d,pagerank_acceleration,pagerank_zscore_60,degree_change_1d,degree_change_5d,degree_change_20d,degree_acceleration,degree_zscore_60,betweenness_centrality_change_1d,betweenness_centrality_change_5d,betweenness_centrality_change_20d,betweenness_centrality_acceleration,betweenness_centrality_zscore_60,rank_strength_change_5d,rank_eigenvector_centrality_change_5d,rank_pagerank_change_5d,community_changed,community_changes_20d,influence_score,amihud_illiquidity,cs_pct_amihud_illiquidity,cs_pct_current_drawdown,cs_pct_downside_volatility_20d,cs_pct_idiosyncratic_volatility,cs_pct_log_turnover,cs_pct_momentum_20d,cs_pct_return_20d,cs_pct_return_60d,cs_pct_volatility_20d,cs_pct_volatility_60d,cs_rank_amihud_illiquidity,cs_rank_current_drawdown,cs_rank_downside_volatility_20d,cs_rank_idiosyncratic_volatility,cs_rank_log_turnover,cs_rank_momentum_20d,cs_rank_return_20d,cs_rank_return_60d,cs_rank_volatility_20d,cs_rank_volatility_60d,cs_sector_rank_amihud_illiquidity,cs_sector_rank_current_drawdown,cs_sector_rank_downside_volatility_20d,cs_sector_rank_idiosyncratic_volatility,cs_sector_rank_log_turnover,cs_sector_rank_momentum_20d,cs_sector_rank_return_20d,cs_sector_rank_return_60d,cs_sector_rank_volatility_20d,cs_sector_rank_volatility_60d,cs_z_amihud_illiquidity,cs_z_current_drawdown,cs_z_downside_volatility_20d,cs_z_idiosyncratic_volatility,cs_z_log_turnover,cs_z_momentum_20d,cs_z_return_20d,cs_z_return_60d,cs_z_volatility_20d,cs_z_volatility_60d,cumulative_return_from_recent_peak,days_since_peak,downside_beta_60d,drawdown_duration,drawdown_speed,ewma_volatility,excess_kurtosis_60d,expected_shortfall_60d,historical_var_60d,idiosyncratic_volatility,liquidity_shock,log_turnover,log_volume,market_r_squared,market_relative_strength_20d,max_drawdown_20d,max_drawdown_252d,max_drawdown_60d,momentum_20d,momentum_60d,recovery_ratio_60d,residual_return_1d,residual_return_5d,return_10d,return_1d,return_5d,return_60d,return_relative_to_sector_20d,rolling_beta_20d,rolling_beta_60d,rolling_correlation_with_index_60d,sector_return_1d,sector_volatility_20d,semivariance_20d,short_term_reversal,skewness_60d,turnover_ratio,turnover_zscore_20d,upside_beta_60d,upside_volatility_20d,volatility_5d,volatility_60d,volatility_ratio_20_60,volatility_ratio_5_20,volume_change_1d,volume_volatility_interaction,volume_zscore_20d,zero_return_ratio_20d
VIC,Real Estate,0,1.8312018,10.0,0.405701278944578,0.06547815632286151,0.1748768472906404,0.22291568,1.6082861,0.1217319,0.2957443829797277,-0.06758408984986936,0.409692070500451,-0.07548806941431674,0.325365858250641,2026-07-24,partial_correlation,60,residual,absolute,0.3448275862068966,0.18312017917633056,0.08992188803008404,1.0,0.08606440540287717,4,0.4935175289865583,1.9969854354858398,0.9808626,6.593934878706932,0.2957443829797277,0.2587768503420116,-0.2727213262668956,1.0,1.0,1.0,1.0,-0.08615458,-0.10222471,-0.14938581,-0.22044325,-1.5310201310273044,-0.03279527828537959,0.007144510643176616,0.048559791576698264,-0.04186191350444923,1.363005335035542,-0.0035167463238009317,-0.0031708401224240096,-0.007183019579080088,-0.008409298322315725,-1.5766916021191266,0.0,0.0,-1.0,-1.0,-0.5259256414443929,-0.05911330049261082,-0.07635467980295568,-0.05911330049261082,-0.07881773399014774,-1.7402622278496074,-0.0,-0.0,-0.0,False,8.0,1.0,1.9687569286020078e-05,0.06666666666666667,0.9333333333333333,0.7666666666666667,0.8,1.0,0.7666666666666667,0.7666666666666667,0.8333333333333334,0.9333333333333333,0.8333333333333334,2.0,28.0,23.0,24.0,30.0,23.0,23.0,25.0,28.0,25.0,0.25,1.0,0.25,0.5,1.0,1.0,1.0,1.0,0.75,0.5,-0.675563557288869,1.8815733433355386,0.9903944933815438,1.219373080850466,1.062785422610942,1.0175765222797992,1.0175765222797992,1.0237951642120062,2.6423290140668505,1.6398215800302953,-0.0784893233321318,22.0,1.2104391779394215,22.0,-0.00328208997453551,0.46177132305453905,1.806761062926774,0.06025417948303049,0.0368897584792654,0.3343917584446355,-0.6830291758830119,20.12955869837635,14.770791591833714,0.31823478110815284,0.025872757330827653,-0.09372197309417041,-0.32067039106145256,-0.164490861618799,-0.06758408984986936,-0.004214475917280079,0.5480519480519337,0.006962175686749835,0.04345286510486389,-0.045410232355547274,-0.004214475917280079,-0.03186600724779009,-0.004214475917280079,0.14669229402898,1.3869424178571246,1.5839911043581625,0.5613223352352887,-0.010608782430911312,0.31650076655572124,0.00042009103855228657,0.03186600724779014,0.18107091730058292,0.0003351175563986926,-0.6830291758830119,2.502617479931909,0.2376338887464261,0.7317417702677377,0.4049842597170116,1.0116246759459675,1.7860774541525968,-0.3862681210747509,-0.23722863639624767,-0.579041317803554,0.2
FPT,Technology,0,1.4669795,10.0,0.31896324478745763,0.05389693917026349,0.09113300492610837,0.0,1.4669795,0.0,0.29075438055042285,-0.11831283699327924,0.2993308361091391,-0.515847797159741,0.26584691842140135,2026-07-24,partial_correlation,60,residual,absolute,0.3448275862068966,0.1466979503631592,0.08733712052165192,0.8831445944873363,0.08086338718342702,4,0.6731326417066157,0.3363042175769806,1.0392567,6.818891450762749,0.29075438055042285,0.2563328657056047,-0.26519640836362857,2.0,2.0,2.0,6.0,0.20300746,0.5700017,0.53461564,0.23457181,3.2495034566347165,0.0211199721035224,0.11692396055158608,0.12359732553671424,0.04271933790218402,2.8269531247216926,0.006252773281444274,0.019251452820538403,0.017929048807228454,0.006433961198367574,3.426043690417047,1.0,4.0,3.0,1.0,2.397749930613474,0.0541871921182266,0.0541871921182266,0.059113300492610835,0.051724137931034475,2.5328246123291143,11.0,9.0,11.0,False,9.0,0.9333333333333333,2.2672269978999296e-05,0.13333333333333333,0.16666666666666666,0.6666666666666666,0.6333333333333333,0.8333333333333334,0.5,0.5,0.36666666666666664,0.6666666666666666,0.5666666666666667,4.0,5.0,20.0,19.0,25.0,15.0,15.0,11.0,20.0,17.0,0.5,0.5,0.5,0.5,0.5,0.5,0.5,0.5,0.5,0.5,-0.5949323904280175,-1.3596782713898081,0.24472412816102626,0.3238760129707828,0.6233536681549199,-0.0376611834266541,-0.0376611834266541,-0.45533766316276175,0.6583490072025233,0.18045450208856734,-0.5538126858462236,370.0,0.5625828728745011,370.0,-0.0013904253292715393,0.2966081237047429,1.0311154370830826,0.03811554447170807,0.028224259636522007,0.25839631928052675,-0.7934319435771082,19.721686899841757,15.574195891734108,0.1655702611797265,-0.024855989812582233,-0.1407103825136613,-0.4252457298832528,-0.17932568860729792,-0.11831283699327924,-0.16890634456736806,0.0,-0.019917145745041644,-0.014364150952041289,-0.11548398079280153,-0.02821503780046012,-0.06314645568457124,-0.16890634456736806,-8.326672684688674e-17,0.6995237515644134,0.7819524474083855,0.3967223217282242,-0.02821503780046012,0.2993308361091391,0.000280454698548235,0.06314645568457122,0.37304331574877025,0.0034278767189467652,-0.7934319435771082,0.5889142676927899,0.1525224973560025,0.2782877957739639,0.2828729603347973,1.0581811557874061,0.9296997241926911,-0.07674200372178837,-0.16841145714389313,-0.5626264882462313,0.05
LPB,Banks,1,1.3719488,10.0,0.2735511222704101,0.05159033350765871,0.059113300492610835,0.108226806,1.2637221,0.07888545,0.2864683615292104,-0.011385322225125352,0.3295529468331428,-0.06428571428571428,0.21336560915209662,2026-07-24,partial_correlation,60,residual,absolute,0.3448275862068966,0.1371948838233948,0.07872795360710536,0.8097443621631248,0.060878596702199354,4,0.6798318545334041,0.44430121779441833,0.9344778,6.254508621990681,0.2864683615292104,0.2683077937566676,-0.32847581620601213,3.0,3.0,3.0,9.0,0.21569788,0.18850839,0.22835016,0.3176638,1.8514069417588654,-0.0003224540090611683,0.027850578864467013,0.009553824830005664,0.016515799567130007,1.2240049113358562,0.007861425087616877,0.007289387438121478,0.009255339261314041,0.01123667393534912,2.192490073924683,2.0,2.0,2.0,3.0,2.2560312143691643,0.027093596059113295,-0.02709359605911331,0.009852216748768468,0.051724137931034475,0.9442603832751403,1.0,4.0,-0.0,False,8.0,0.8833333333333333,0.0001515372226351978,0.7666666666666667,0.9666666666666667,0.3333333333333333,0.8333333333333334,0.4,0.8666666666666667,0.8666666666666667,1.0,0.7333333333333333,0.8,23.0,29.0,10.0,25.0,12.0,26.0,26.0,30.0,22.0,24.0,0.9285714285714286,0.9285714285714286,0.5,1.0,0.2857142857142857,0.7857142857142857,0.7857142857142857,1.0,1.0,1.0,2.886331752599408,1.96402786712955,-0.41277678100114057,1.487861438181926,-0.6055031513221042,2.186599254976421,2.186599254976421,2.4897968559308197,1.2016562995898188,1.1787396864017414,-0.06644509940815274,21.0,0.10850521913165238,21.0,-0.0029220779220779218,0.3553397284383427,0.9968917456648261,0.0493369211034152,0.03289777203957278,0.35717674720419207,-0.07118855379323033,18.581086485740926,14.621406344903683,0.049730406308791664,0.08207152495557166,-0.06764168190127973,-0.25139146567717996,-0.1589648798521257,-0.011385322225125352,0.15901532575095664,0.6893113257585688,-0.015442180929684,-0.0005767222368103925,-0.018904154639152723,-0.017029739844802296,-0.009496747537257197,0.15901532575095664,0.06903626878631493,0.14359135663853642,0.6043951212462089,0.23673306350196832,-0.004568857995662986,0.19413773284502572,0.0001806542982890685,0.009496747537257128,0.009233714868444994,0.0007499905673275935,-0.07118855379323033,3.3448834153348463,0.24027415271603697,0.2799669693077124,0.36640362431443413,0.8994260017183486,0.8495356269674447,-0.22670120898100174,-0.017128636667465058,-0.05197537097472086,0.05
PLX,Oil & Gas,2,1.3246306,6.0,0.21584104839568416,0.04913163272036114,0.07881773399014778,1.2208095,0.103821136,0.9216226,0.3884142284565552,-0.08503704268591218,0.3342227539145557,-0.5136690647482014,0.27907097226482414,2026-07-24,partial_correlation,60,residual,absolute,0.20689655172413793,0.22077176968256632,0.07003313808563875,0.876395035172537,0.1116270092859938,3,0.3895524530671537,1.1099822521209717,0.92600965,4.623379819095135,0.3884142284565552,0.3633916795116193,-0.4425895578088598,4.0,8.0,4.0,7.0,0.20317638,0.09271777,-0.021642089,0.19771647,0.22842997361893852,0.021795801564121448,-0.04854597797084473,-0.024264960892732557,-0.015204529188553723,-1.0663729842485747,0.006514179495267225,0.0051448525711252635,-6.481027991535326e-05,0.0063759310465332925,1.0542807182084557,2.0,1.0,0.0,2.0,1.0037535985779742,0.03940886699507389,0.0024630541871921152,-0.0049261083743842304,0.04187192118226601,0.4034083499862689,-1.0,-5.0,1.0,False,10.0,0.8375,0.0002460897942840421,0.8333333333333334,0.2,0.7,0.9666666666666667,0.2,0.6666666666666666,0.6666666666666666,0.6,0.7666666666666667,0.9,25.0,6.0,21.0,29.0,6.0,20.0,20.0,18.0,23.0,27.0,0.5,0.5,0.5,0.5,0.5,0.5,0.5,0.5,0.5,0.5,5.0,-1.3436417914348568,0.41039887114891443,2.7365362782325895,-1.3593979944996872,0.6545276605280202,0.6545276605280202,0.21289493782880056,1.2856061025848278,2.1995607994561004,-0.7208659500817733,99.0,0.6600728905293379,99.0,-0.005136690647482014,0.36688401846869184,0.743262863531207,0.058916135083050214,0.0409210778602416,0.46314425535863873,-0.30436598720147023,17.881336314127942,14.354165917181477,-0.05075564394839538,0.008419804494784827,-0.1281708945260348,-0.5302158273381294,-0.2768549280177187,-0.08503704268591218,-0.09450296867479514,0.09199999999999253,0.015140330918898333,-0.03235804242938173,-0.06305813596713702,0.01190490250631824,-0.04058528011507845,-0.09450296867479514,1.5265566588595902e-16,0.639736569406677,0.23680247552188735,0.07521744058276555,0.01190490250631824,0.3342227539145557,0.0003090500300033104,0.04058528011507857,0.4495145768540676,0.0013578218269392189,-0.30436598720147023,-2.5029111282645746,0.1810931178918908,0.4566005324143396,0.451819962969734,0.7397255130495518,1.3661563345555574,0.16904290879323283,-0.06280710265584033,-0.18791988851811392,0.05
VHM,Real Estate,5,1.22386,7.0,0.2715950743727496,0.045879609696145726,0.11083743842364532,0.51024044,0.7136196,0.41691077,0.3180181232724941,-0.18232159525549246,0.4330764341817589,-0.17682929995309438,0.377525751181658,2026-07-24,partial_correlation,60,residual,absolute,0.2413793103448276,0.17483714648655482,0.08747758332222715,0.9224929280965097,0.04562286493697561,4,0.7138112913817167,1.0786863565444946,1.0420212,6.411097414791584,0.3180181232724941,0.30894936079181756,-0.3135063996753583,5.0,4.0,5.0,4.0,-0.27285862,-0.08127713,-0.6658304,-0.27601647,-2.067426687061963,-0.07973350598645373,-0.006340359193185374,-0.1217116448865106,-0.09253157097763959,-0.7867674059141463,-0.009277075312666652,-0.0019422326414891417,-0.021644220635831032,-0.009972586467282676,-1.7320248331706556,-2.0,0.0,-4.0,-2.0,-1.9263454345885482,-0.04433497536945813,-0.027093596059113295,-0.06403940886699508,-0.022167487684729065,-0.730812323129262,-3.0,-2.0,-3.0,True,14.0,0.8833333333333333,3.798378755954113e-05,0.4,0.8333333333333334,0.9333333333333333,0.9333333333333333,0.8666666666666667,0.13333333333333333,0.13333333333333333,0.7,0.9666666666666667,1.0,12.0,25.0,28.0,28.0,26.0,4.0,4.0,21.0,29.0,30.0,0.5,0.75,0.75,1.0,0.75,0.75,0.75,0.75,1.0,1.0,-0.18129442269691792,1.1356549352108989,1.6438686063835894,2.1254231019233822,0.648431142381292,-1.3691440016951415,-1.3691440016951415,0.35813092153763093,3.0627131305806063,2.6626596399110416,-0.1945916878473066,55.0,1.1374254219933613,55.0,-0.003157666070590971,0.4974026541177272,0.2405501257556826,0.0546512955307066,0.04104302508593144,0.4112827631456554,-0.8692824781355389,19.744963311734377,14.874411693232943,0.2971216451573744,-0.08886474807479545,-0.17650876054510056,-0.408695652173913,-0.196458755108059,-0.18232159525549246,-0.07833188173144479,0.09991641830452978,-0.0011406781084456578,0.017974677988251957,-0.1228981363231539,-0.01526747213078842,-0.07767303831821802,-0.07833188173144479,0.031954788623356906,1.8273610065055106,1.8285625490963768,0.5349425284983723,-0.010608782430911312,0.31650076655572124,0.000565578146052679,0.07767303831821802,0.5761313269857861,0.0007040718651922289,-0.8692824781355389,3.3253091286243937,0.23789425912983433,0.6388338699154499,0.49056936468304824,0.882803667246287,1.4751065158300927,-0.36951672862453533,-0.27011484220581,-0.6237117074175522,0.0
VRE,Real Estate,5,1.1831145,7.0,0.26467093765877975,0.04413630910609216,0.1206896551724138,0.49167037,0.6914443,0.41557294,0.33488137935600437,-0.27986357379312343,0.29381001816792324,-0.530937880925561,0.3564092410919331,2026-07-24,partial_correlation,60,residual,absolute,0.2413793103448276,0.16901636123657227,0.0875413469602479,0.9065743082031582,0.06614720535646473,4,0.7835882036015391,-0.1825137734413147,1.0853283,7.09656947851181,0.33488137935600437,0.28977702665776484,-0.3132743149702242,6.0,5.0,6.0,3.0,0.08687258,0.10918224,0.12786186,-0.0901767,1.633563893578117,0.0531485831403998,0.056534801704942406,0.017865162179634242,0.020009332138340358,1.5158528435279461,0.0004956803313237168,0.003732270559360762,0.004730484245797889,-0.007299524547182218,1.9725678410143115,0.0,0.0,0.0,-2.0,1.0761894793850648,0.01231527093596059,0.0788177339901478,0.08866995073891626,-0.044334975369458136,3.5746213523931214,3.0,5.0,3.0,True,14.0,0.8666666666666667,0.00013991945175772434,0.7333333333333333,0.13333333333333333,0.8666666666666667,0.8666666666666667,0.23333333333333334,0.06666666666666667,0.06666666666666667,0.03333333333333333,0.6333333333333333,0.9333333333333333,22.0,4.0,26.0,26.0,7.0,2.0,2.0,1.0,19.0,28.0,0.75,0.5,0.5,0.75,0.5,0.5,0.5,0.25,0.25,0.75,2.572479705599791,-1.470748279137157,1.3793149057302652,1.7776409374031945,-1.1672362965803822,-3.3981705288265007,-3.3981705288265007,-2.115309101892702,0.559100457860705,2.3684907975033718,-0.6491256332373271,2120.0,1.4741070736434057,2120.0,-0.0002503243191539656,0.42619914730162295,0.10330504503574062,0.06529297731489846,0.054588986692204335,0.38176858685836124,-1.5227084767859214,18.059696973195088,14.980066941987534,0.3287066287316054,-0.1864067266124264,-0.23684210526315785,-0.48107634795572063,-0.3846643033136141,-0.27986357379312343,-0.35373342235957883,0.01103220242520373,0.01482259380545212,0.002484591534948977,-0.18498163816491628,-0.004555816535860802,-0.11422521741807451,-0.35373342235957883,-0.06558718991427406,1.4295255038602381,1.9229183003634702,0.592262930218443,-0.010608782430911312,0.31650076655572124,0.0005040775679989195,0.11422521741807441,0.20152953586244418,0.0014005977751986973,-1.5227084767859214,1.797530289157331,0.06576050380857877,0.4986375086335406,0.4659550369192444,0.6305544417115369,1.6971426357111274,-0.5472719052866548,-0.2587321482583395,-0.8806103681272861,0.05
GVR,Chemicals,2,1.0720689,6.0,0.23752298790078363,0.03968572019451659,0.1477832512315271,0.7989248,0.27314404,0.74521774,0.35344988108925657,-0.20309661936891904,0.37057629834293127,-0.42732240437158475,0.366855718676568,2026-07-24,partial_correlation,60,residual,absolute,0.20689655172413793,0.17867815494537354,0.07955255229345486,0.8623788325349463,0.08469539050208598,3,0.6593765532597899,-0.42786550521850586,1.1785431,6.630038499832153,0.35344988108925657,0.3390163766181922,-0.4184592736974216,7.0,7.0,8.0,2.0,-0.037374496,-0.0631448,-0.016106367,-0.12851048,-0.7529283417041275,-0.01278860442847396,-0.00884626864667823,-0.03794270736263455,-0.08595264815997536,-0.8447255537276481,-0.001906805778659565,-0.0013517881157032174,0.00020948209525406547,-0.004805404495128257,-0.5092067518104433,0.0,0.0,0.0,-1.0,-0.5986297927477939,0.05665024630541873,0.08128078817733991,0.0788177339901478,0.036945812807881784,3.5118652961000376,-0.0,-1.0,-0.0,False,9.0,0.8333333333333334,0.0004454278989762721,0.9333333333333333,0.26666666666666666,0.9,0.9,0.16666666666666666,0.1,0.1,0.1,0.8333333333333334,0.8666666666666667,28.0,8.0,27.0,27.0,5.0,3.0,3.0,3.0,25.0,26.0,0.5,0.5,0.5,0.5,0.5,0.5,0.5,0.5,0.5,0.5,5.0,-0.7080903666832142,1.5101913759454804,1.9021121254870912,-1.9085060268600584,-1.8012971695917084,-1.8012971695917084,-1.1992702731063434,1.9391390729466484,1.7612366517176312,-0.5574323809544792,100.0,1.5112965877403026,100.0,-0.0042309148947681655,0.40270595902946266,0.5839776336061747,0.06077219150376919,0.03853099479446465,0.39233170642737475,-0.6210319295335562,17.3716651798107,14.087521222868185,0.10687921221391705,-0.10963977218822203,-0.20965309200603321,-0.42732240437158475,-0.33333333333333326,-0.20309661936891904,-0.25173842659126505,0.0,-0.022852517656586094,-0.06778796950174544,-0.15524059819128397,-0.03377431711860415,-0.12538763504160277,-0.25173842659126505,1.3877787807814457e-16,1.3015809264158176,0.9592816875459049,0.33162371116153744,-0.03377431711860415,0.37057629834293127,0.0005340599933559571,0.1253876350416028,0.09505996581715366,0.00033423893129770995,-0.6210319295335562,-0.9061165064901862,0.14786387018671346,0.3854897996145714,0.41514356260414803,0.892646139127043,1.040244077501144,-0.4808163911082984,-0.07651550000082388,-0.20647704762277172,0.05
HPG,Basic Resources,0,1.0589428,7.0,0.24740083631662854,0.04029391343613632,0.05665024630541872,0.44060367,0.6183392,0.41607884,0.3224508580791219,-0.12204743444284093,0.2403149602912791,-0.298287517918127,0.24751762960284385,2026-07-24,partial_correlation,60,residual,absolute,0.2413793103448276,0.1512775421142578,0.07559356916806206,0.8007455682813995,0.10343168197440993,4,0.392288476228714,0.4454841613769531,1.0853243,6.988387614488602,0.3224508580791219,0.27261690953610296,-0.2816388488074104,8.0,6.0,7.0,10.0,0.070118904,0.3268795,0.41016304,0.086048126,2.3584161301386803,0.038195635829271046,0.05830868420482119,0.1068261518224973,0.058742122314479006,2.671586782333909,0.0009367420346529653,0.011593385137490902,0.013002347351519394,0.00043854461671774536,2.315174371034899,1.0,2.0,3.0,1.0,2.3522360328118315,-0.05172413793103449,0.05665024630541872,0.007389162561576353,-0.09852216748768475,1.747459978255129,10.0,6.0,13.0,False,8.0,0.7750000000000001,1.7132728218041842e-05,0.03333333333333333,0.6,0.5333333333333333,0.23333333333333334,0.8,0.43333333333333335,0.43333333333333335,0.3,0.3,0.2,1.0,18.0,16.0,7.0,24.0,13.0,13.0,9.0,9.0,6.0,0.5,0.5,0.5,0.5,0.5,0.5,0.5,0.5,0.5,0.5,-0.744582141611134,0.2416661794352731,0.015089535764411039,-0.664042855058854,0.6219205891645949,-0.1153466826027283,-0.1153466826027283,-0.5070674959594655,-0.4025879998543642,-0.6996688381463368,-0.26422680401126747,1180.0,0.9744246040796541,1180.0,-0.00025257198807631417,0.260683680747737,7.838653835298169,0.0340986644335397,0.01868085321976533,0.17455759894592413,-0.5383181165650133,19.72035674447793,16.68522604764984,0.30396328878022305,-0.02859058726214392,-0.12896405919661724,-0.23958330641728942,-0.1713232800633656,-0.12204743444284093,-0.1746661266982038,0.04696037248966339,0.008316595428984866,0.002429135581461189,-0.09836494979928179,0.0,-0.04924793483432694,-0.1746661266982038,-6.938893903907228e-17,0.7819994611820223,0.7709289561794497,0.5287975107719419,0.0,0.2403149602912791,0.0002431149879532167,0.049247934834327003,-0.3106268380050821,0.00208873726445372,-0.5383181165650133,0.1761341417630776,0.0546164097013804,0.443713201861802,0.20922938818824915,1.1485717296745754,1.8463819369470096,-0.5230417987643233,-0.08098158737898775,-0.33698104887366237,0.15
BID,Banks,3,0.94905293,6.0,0.10508987031540229,0.03883134993486083,0.07881773399014778,0.82317543,0.12587747,0.8673651,0.28916199345001825,-0.13546613438739846,0.24744172825616464,-0.3378731935203535,0.2481386215090232,2026-07-24,partial_correlation,60,residual,absolute,0.20689655172413793,0.15817548831303915,0.06433940013277953,0.7022123232021682,0.08348055340673143,3,0.5448069758713245,0.9909635782241821,0.72903746,4.6864074766635895,0.28916199345001825,0.2870976566124236,-0.367457377185225,9.0,21.0,9.0,7.0,0.12222147,-0.16324532,0.026325226,0.11726189,-0.05150270596580737,0.033202344853915475,-0.057822758298850585,-0.017283390905438914,0.03174417426030231,-1.298643864623279,0.0024310207859458144,-0.003598060010581605,0.0024057515589976514,0.001118629000491339,0.7941542105620978,1.0,-1.0,1.0,1.0,1.3286070689072975,-0.0049261083743842304,-0.014778325123152705,0.017241379310344827,-0.01724137931034482,0.3905875082504616,-1.0,-8.0,-3.0,True,12.0,0.6458333333333333,7.612641974129334e-05,0.6,0.5,0.5666666666666667,0.5333333333333333,0.36666666666666664,0.3333333333333333,0.3333333333333333,0.5666666666666667,0.36666666666666664,0.5,18.0,15.0,17.0,16.0,11.0,10.0,10.0,17.0,11.0,15.0,0.7142857142857143,0.2857142857142857,0.7857142857142857,0.7857142857142857,0.21428571428571427,0.21428571428571427,0.21428571428571427,0.5,0.5,0.7857142857142857,0.8491221102550374,-0.04970273302777976,0.022869500642956325,0.0034931197262957755,-0.7005503765704452,-0.39447674081268563,-0.39447674081268563,0.1963841334810223,-0.2744690527088511,-0.01191023297149548,-0.4122981908151134,116.0,1.6288603139615196,116.0,-0.0028878050728235343,0.2672957158467086,1.4804138571603946,0.033200002202094424,0.024189843724708608,0.2312073540163168,-0.7493521885973956,18.492865545140596,14.903702408629497,0.2488848851915063,-0.042009287206701454,-0.15760192884485547,-0.3406320552140186,-0.19944289264395199,-0.13546613438739846,-0.09634133989516604,0.016794839281783457,0.00864197088422022,-0.02303019627639761,-0.11853707228695033,0.0,-0.07490130817311771,-0.09634133989516604,-0.05504454337595818,1.127278026817047,1.0035112673850153,0.5398481160424244,-0.004568857995662986,0.19413773284502572,0.0002443364106523741,0.07490130817311783,0.42304233446098366,0.000410120696798905,-0.7493521885973956,0.3768338160103096,0.09030193408988746,0.34280187101740867,0.26677700469173216,0.9275227021203066,1.3853842415016469,-0.4804256138324495,-0.11401929616102724,-0.4607925145228071,0.1
GAS,Utilities,2,0.9435951,3.0,0.1555399202328302,0.03715770982094156,0.029556650246305417,0.7567808,0.18681434,0.8020186,0.32405225541794275,-0.1361321743245799,0.44888856446158304,-0.4778554778554778,0.3880545489651542,2026-07-24,partial_correlation,60,residual,absolute,0.10344827586206896,0.31453170379002887,0.06506367527432108,0.8232258114838641,0.14392120876189793,2,-2.384185791015625e-07,0.9249008297920227,1.0395461,5.208074063062668,0.32405225541794275,0.2948093866017839,-0.488571574969332,10.0,13.0,10.0,18.0,-0.082065046,-0.21469933,-0.036351442,-0.032945096,-1.3723923773722246,-0.007090483957616883,-0.09281980807535695,-0.0419210720303437,-0.02230193361038546,-1.5930843603074039,-0.003519630343762098,-0.0052140367224962625,-2.7513457570557676e-05,-0.0018006622063947153,-0.4183544694145784,-1.0,-2.0,-1.0,-1.0,-1.1315131153988813,-0.017241379310344827,-0.04679802955665025,0.004926108374384234,0.029556650246305417,-0.05384054021997284,-4.0,-8.0,-3.0,False,10.0,,0.00023034403276848365,0.8,0.23333333333333334,0.9666666666666667,1.0,0.26666666666666666,0.3,0.3,0.5333333333333333,1.0,0.9666666666666667,24.0,7.0,29.0,30.0,8.0,9.0,9.0,16.0,30.0,29.0,0.5,0.5,0.5,0.5,0.5,0.5,0.5,0.5,0.5,0.5,5.0,-1.0800371994812203,1.775776407683095,2.8236864900497496,-1.1423474901378061,-0.40833141877729856,-0.40833141877729856,0.05145749340607203,3.346970102823885,2.484155330616944,-0.649810867072977,99.0,1.2721880933634422,99.0,-0.004778554778554778,0.4801748200003059,0.4177360679958153,0.06638993762028235,0.04217614474331439,0.4705401685981671,-0.13688366777344058,18.082798267410112,13.864968118422869,0.02130100626739495,-0.042675327143882905,-0.17961783439490442,-0.49961149961149953,-0.3075268817204301,-0.1361321743245799,-0.11247798342669033,0.0979020979020944,0.01368133914521807,-0.10128924067386695,-0.11247798342669033,0.005970166986503975,-0.12568821516349674,-0.11247798342669033,2.7755575615628914e-17,1.4644785033536756,0.8324045065153175,0.2511655200153378,0.005970166986503975,0.44888856446158304,0.000597564813383132,0.1256882151634966,0.15709734301978978,0.000439887830031906,-0.13688366777344058,-1.4742602744071949,0.22916086831090052,0.7156268068420952,0.47563316838076514,0.9437705238026722,1.5942192862472577,-0.30454064072014825,0.008612799762624556,0.019186944031321297,0.0
SHB,Banks,4,0.9137772,7.0,0.1836745066815463,0.03576991378682583,0.03940886699507389,0.5502508,0.3635264,0.6021718,0.3168801678998231,-0.1456399901593496,0.32745160324728595,-0.3721211555443942,0.31864427479194024,2026-07-24,partial_correlation,60,residual,absolute,0.2413793103448276,0.13053959608078003,0.07253167253266352,0.7235268750175495,0.06606843401856845,4,0.7803310239687562,-1.0294290781021118,1.0383352,7.09289975464344,0.3168801678998231,0.30044068391924567,-0.3718854449390535,11.0,12.0,11.0,15.0,0.22798318,0.20918506,0.3370589,0.36265463,1.4065966566673438,0.07581101611945747,0.09220792393853162,0.12730785234259545,0.12671551662580377,2.845609519298634,0.006357862501027406,0.006094531325514591,0.00898511518093282,0.00963790387154738,1.319609261208996,2.0,1.0,2.0,3.0,1.3555489572536896,0.029556650246305417,0.029556650246305417,0.017241379310344827,0.029556650246305417,1.071304810429069,9.0,14.0,7.0,True,11.0,0.6249999999999999,1.976699353059843e-05,0.1,0.36666666666666664,0.7333333333333333,0.36666666666666664,0.9666666666666667,0.23333333333333334,0.23333333333333334,0.2,0.7,0.3333333333333333,3.0,11.0,22.0,11.0,29.0,7.0,7.0,6.0,21.0,10.0,0.07142857142857142,0.07142857142857142,1.0,0.5714285714285714,1.0,0.14285714285714285,0.14285714285714285,0.07142857142857142,0.9285714285714286,0.42857142857142855,-0.6734179252218218,-0.3017836005944158,0.9061845661400757,-0.585909281468744,1.0261387657432515,-0.6061089380879691,-0.6061089380879691,-0.8198412674104588,1.1638801394654195,-0.4892542181025729,-0.4654080539673356,222.0,1.3484614762928393,222.0,-0.0016687047333829336,0.3248013054284302,7.357851384164286,0.0456584136528743,0.0223466105749933,0.18118832444064947,-0.38409347790289855,20.09554400167923,17.630326407466068,0.3619748695875036,-0.052183142978652605,-0.14598540145985406,-0.3774421627007978,-0.18466898954703836,-0.1456399901593496,-0.20949146214588243,0.03773584905659006,-0.006692359515330136,-0.013393225540093735,-0.10832222715215448,-0.016807118316381174,-0.06955768370191011,-0.20949146214588243,-0.06521839914790933,1.4661141299537734,0.9446026305814146,0.5976343681930086,-0.004568857995662986,0.19413773284502572,0.00040291338832413296,0.06955768370191004,-1.876324772440762,0.008465633879733979,-0.38409347790289855,-0.07520686895817974,0.11701318400185873,0.5537063589957396,0.22683565260994448,1.4435632118594346,1.6909563230200433,-0.5080869796212667,-0.04096196970820542,-0.12509320248241884,0.15
BCM,Real Estate,2,0.8896516,6.0,0.14886795133716932,0.034666456322784284,0.054187192118226604,0.8896516,0.0,1.0,0.33931494233757326,-0.32733627661691195,0.394412733081654,-0.5940591799263233,0.4529232749174254,2026-07-24,partial_correlation,60,residual,absolute,0.20689655172413793,0.14827526609102884,0.07080517977431153,0.732437626812187,0.06661656187161494,3,0.6105138333514333,-0.3354412019252777,1.0102241,5.4944523349404335,0.33931494233757326,0.3134980139608363,-0.42020954877202993,12.0,14.0,13.0,11.0,0.010219574,0.168069,0.175776,-0.109906375,0.5614478696610311,0.0022488972621474423,-0.001057289452584237,0.026039947342217484,-0.03959353673184668,0.37180910917976184,-0.00039065400809744355,0.006705771810056549,0.005766878167896845,-0.004775393298993732,0.7241353972628709,0.0,1.0,1.0,-1.0,0.1621491138298768,-0.009852216748768475,0.03201970443349754,0.017241379310344827,-0.02709359605911331,0.8137175390585677,7.0,1.0,9.0,False,10.0,,0.0011877258004583584,1.0,0.06666666666666667,1.0,0.6666666666666666,0.06666666666666667,0.03333333333333333,0.03333333333333333,0.06666666666666667,0.8666666666666667,0.7333333333333333,30.0,2.0,30.0,20.0,2.0,1.0,1.0,2.0,26.0,22.0,1.0,0.25,1.0,0.25,0.25,0.25,0.25,0.5,0.5,0.25,5.0,-1.9353502838601195,2.5884704293003424,0.4393440412381138,-3.2214909881259928,-4.385677392929424,-4.385677392929424,-2.0314683923187853,2.3676501367942193,0.7416349377667972,-0.7351918967473196,960.0,2.0888489935339694,960.0,-0.0006181677210471626,0.44303897312258483,1.1296828033232038,0.05800509773703607,0.042469180346241885,0.2681953949362033,-0.8050633693667957,16.152978700807044,12.51796306699418,0.3388130375454531,-0.23387942943621493,-0.2859848484848484,-0.5205865477348286,-0.3291814946619217,-0.32733627661691195,-0.3443983018936336,0.0,-0.003509333404763358,-0.07299906718030255,-0.25601893563457906,-0.018397365139715943,-0.15452953946429596,-0.3443983018936336,-0.11305989273806258,1.7934993090299058,1.3046920902752077,0.5676969791938022,-0.010608782430911312,0.31650076655572124,0.0008140456069917687,0.15452953946429596,-0.711926143515774,0.0002653797460244237,-0.8050633693667957,-0.9090353109346494,0.10073596570988552,0.5003243847280022,0.32982925613201003,1.1958088184954685,1.26853000109191,-0.5522779416584727,-0.14742436827894062,-0.37378196978346495,0.1
STB,Banks,0,0.8605868,6.0,0.21147908922269945,0.03451355510454501,0.03694581280788178,0.0,0.8605868,0.0,0.31120325450211783,-0.002717392976499915,0.2594843043319469,-0.04296875,0.16255504284312464,2026-07-24,partial_correlation,60,residual,absolute,0.20689655172413793,0.14343113700548807,0.06997039821452376,0.7341940565898994,0.09939502093702736,4,0.24633781053125858,0.32130321860313416,1.1266835,7.144517861306667,0.31120325450211783,0.27132307746288564,-0.2571825741634035,13.0,9.0,14.0,16.0,-0.024328947,-0.06857568,0.34897637,0.05406636,-0.8721791038711456,-0.001343789706725329,-0.005620662392801873,0.08770169633410266,0.009230429605663476,-0.2896190615275483,-0.0008791793696888428,-0.00224244035952402,0.012253738332311487,0.0038997471104521564,-0.7292069499948975,0.0,0.0,3.0,0.0,-0.6235059662281174,-0.02463054187192118,-0.05172413793103448,-0.0024630541871921152,0.0394088669950739,-1.57844547141725,-2.0,-0.0,-3.0,False,8.0,,4.19513368959765e-05,0.5,1.0,0.13333333333333333,0.7333333333333333,0.9333333333333333,0.9333333333333333,0.9333333333333333,0.9,0.4666666666666667,0.7666666666666667,15.0,30.0,4.0,22.0,28.0,28.0,28.0,27.0,14.0,23.0,0.6428571428571429,1.0,0.14285714285714285,0.9285714285714286,0.9285714285714286,0.9285714285714286,0.9285714285714286,0.7857142857142857,0.7142857142857143,0.9285714285714286,-0.07411177174391383,2.120930600415046,-1.0493461427097541,0.8649573113112549,0.8361113829652076,2.3669058126701805,2.3669058126701805,1.826466726484035,-0.057977906181990696,0.7887265891252829,-0.04391923393483549,53.0,0.42626951944703523,53.0,-0.0007957175925925925,0.28132419961453276,2.273800412894936,0.030223263401786177,0.019808628229634247,0.3043146280788254,0.873940061737132,19.919164371398644,15.624864499353194,0.16871092240810337,0.09073945420419709,-0.0854472630173565,-0.24590163934426235,-0.13932291666666674,-0.002717392976499915,0.08515780834030677,0.6915887850466647,0.025850105110848526,0.04505947229932938,0.047362612178246666,0.02061928720273561,0.0,0.08515780834030677,0.07770419803494036,0.8770579471051231,0.9484362839406406,0.4078111522346637,-0.004568857995662986,0.19413773284502572,0.00010485770616559556,1.0755285551056204e-16,1.2657073404053996,0.003229496208381238,0.873940061737132,2.1544927229922486,0.1937679258614908,0.27997127180225373,0.33376961001853817,0.7774353821989883,1.0789526269111822,-0.04551635744095534,0.222544333872817,0.857640828973323,0.05
VIB,Banks,1,0.82438254,6.0,0.11251825453659822,0.035183047560561904,0.10591133004926108,0.6789922,0.14539033,0.8236373,0.2597035682068406,-0.11469184308671052,0.25498654463636883,-0.3564475101696042,0.23694852391879057,2026-07-24,partial_correlation,60,residual,absolute,0.20689655172413793,0.1373970905939738,0.0740936565129619,0.7248661413519412,0.0,3,0.7226831447333097,-0.6516120433807373,0.7911781,5.592802926898003,0.2597035682068406,0.2399621471452918,-0.4062301084961266,14.0,20.0,12.0,5.0,-0.013849616,-0.011767507,-0.0018165708,0.028316498,0.3932549640433537,-0.003051557984615788,0.0038399313579054045,-0.02851814335485514,0.010153765320658648,0.1078492556030906,-0.0012614550597270305,0.0009513840605120463,0.0017792784549338705,-0.0011127915250676787,0.8029040314234461,0.0,0.0,0.0,0.0,0.19470434592881314,0.0024630541871921152,0.051724137931034475,0.07142857142857142,-0.01970443349753695,3.1618874063722266,-0.0,2.0,2.0,False,11.0,,9.317146015903537e-05,0.7,0.43333333333333335,0.43333333333333335,0.13333333333333333,0.3,0.5333333333333333,0.5333333333333333,0.5,0.4,0.23333333333333334,21.0,13.0,13.0,4.0,9.0,16.0,16.0,15.0,12.0,7.0,0.8571428571428571,0.14285714285714285,0.6428571428571429,0.2857142857142857,0.14285714285714285,0.5,0.5,0.42857142857142855,0.5714285714285714,0.2857142857142857,1.3095908940449044,-0.18641830904114343,-0.11732325448509795,-0.7663449985657662,-1.1379659674796354,0.0376611834266541,0.0376611834266541,-0.05145749340607203,-0.138834788228696,-0.6004319745544926,-0.440751685994544,228.0,1.4564352949136874,228.0,-0.0015565393457187956,0.2553827368953984,0.023854497084850212,0.03187693381076987,0.025256640442454886,0.16587583258163488,-1.1816603539359698,18.086865109436857,15.413847279559828,0.4185449633267003,-0.021234995906013507,-0.1351351351351351,-0.3564475101696042,-0.13772455089820357,-0.11469184308671052,-0.1239369012307617,0.0,-0.004919540218490564,-0.015963265406704605,-0.1022306226488986,-0.01379332213233576,-0.06713930283762856,-0.1239369012307617,-0.034270252075270236,1.2332706849626094,0.9709776126681438,0.6405925737220899,-0.004568857995662986,0.19413773284502572,0.00022279604360037167,0.06713930283762862,-0.23072049572660228,0.001461076426925265,-1.1816603539359698,-0.3528223189700714,0.11793975559376307,0.32547209318290543,0.21753294837058973,1.1721743604596435,1.2764285019265555,-0.3426391215335939,-0.2666614921027562,-1.0457865236890707,0.1
MWG,Retail,0,0.7862612,6.0,0.2006090258708701,0.03037182477914026,0.04433497536945813,0.0,0.7862612,0.0,0.3432298721976881,-0.143590919612256,0.3562680191081731,-0.27427961579509075,0.3424495228432317,2026-07-24,partial_correlation,60,residual,absolute,0.20689655172413793,0.13104353348414102,0.07611696509662537,0.7483361163903556,0.07070638169237625,4,0.7635503374040127,-1.1228474378585815,1.3091512,7.780477941036224,0.3432298721976881,0.2739613891075866,-0.185900944321049,15.0,10.0,18.0,14.0,0.030369163,-0.15494215,-0.39288485,0.15901542,-1.761564508814015,-0.022679012385666525,-0.04806263779167019,-0.07679501923065096,0.004348407163091927,-1.6350722913279043,0.0008947103905194986,-0.004384135857681087,-0.013281333491923324,0.004875989461688084,-1.566531870773246,1.0,0.0,-2.0,2.0,-0.7790012766895695,-0.01231527093596059,0.004926108374384237,-0.041871921182266014,-0.007389162561576353,-0.14919786457328807,-5.0,-6.0,-6.0,True,9.0,,4.74380851372295e-05,0.5333333333333333,0.7333333333333333,0.8,0.6,0.6666666666666666,0.26666666666666666,0.26666666666666666,0.16666666666666666,0.8,0.6333333333333333,16.0,22.0,24.0,18.0,20.0,8.0,8.0,5.0,24.0,19.0,0.5,0.5,0.5,0.5,0.5,0.5,0.5,0.5,0.5,0.5,0.07411177174391365,0.4183754619140862,1.204423547874275,0.098328283134664,0.20395239877104407,-0.5634850487805309,-0.5634850487805309,-0.8361658040940173,1.6819170502775451,0.37871677805979465,-0.32059048406826984,116.0,1.5194860309054814,116.0,-0.002344270220470861,0.3918372063321367,2.564554769409514,0.05328255974115833,0.02957637817512739,0.2392554427816809,-0.2827826147654282,19.332406998431235,15.10024301289873,0.36167906935130956,-0.050134072431559,-0.15000000000000002,-0.27427961579509075,-0.2093023255813954,-0.143590919612256,-0.2113090936672069,0.0,-0.038008710624603606,-0.055131927260980595,-0.11908937157043879,-0.05018974452385528,-0.12039400319710383,-0.2113090936672069,-5.551115123125783e-17,1.6079112580037487,1.2349733330555905,0.5918518725558141,-0.05018974452385528,0.3562680191081731,0.0004653637924426867,0.12039400319710387,-0.679611196785667,0.002479884022899137,-0.2827826147654282,0.7426008658216283,0.12766535377560453,0.5884428164776759,0.29946238769906763,1.1896920406077849,1.651685767218293,-0.6014096313780857,-0.03173653985502838,-0.08908051846604921,0.05
ACB,Banks,1,0.7492664,6.0,0.13182854834175908,0.030700654327026074,0.0049261083743842365,0.37618327,0.37308314,0.5020688,0.2957598428024538,-0.004434597067865864,0.2242921436399738,-0.11395258160902333,0.1604096869502811,2026-07-24,partial_correlation,60,residual,absolute,0.20689655172413793,0.12487773100535075,0.06551957835437966,0.6542306268454455,0.02964948404779761,4,0.6175812482833862,0.1825573742389679,0.9164057,6.449559703469276,0.2957598428024538,0.25335866191117945,-0.23881768443140378,16.0,17.0,17.0,24.0,-0.0006913543,0.058133483,-0.11192989,0.030885816,-0.3780034654226091,-0.0027882403897460384,0.021715696979885568,-0.031487346333048144,0.012665630947344186,-0.1912617512482549,-0.0004591620664614014,0.0023321786898674,-0.0036171731958976813,-0.00011526484166077267,-0.17594245707505313,0.0,1.0,-1.0,0.0,0.03698162031432047,0.0024630541871921183,0.0,-0.014778325123152709,0.0024630541871921183,-1.108204869660649,6.0,4.0,4.0,False,12.0,,2.9257466337736264e-05,0.23333333333333334,0.9,0.1,0.5666666666666667,0.7,0.9,0.9,0.9333333333333333,0.16666666666666666,0.5333333333333333,7.0,27.0,3.0,17.0,21.0,27.0,27.0,28.0,5.0,16.0,0.21428571428571427,0.8571428571428571,0.07142857142857142,0.8571428571428571,0.7142857142857143,0.8571428571428571,0.8571428571428571,0.8571428571428571,0.21428571428571427,0.8571428571428571,-0.41703446328853105,1.598456712986475,-1.0762237772364152,0.04702943251337265,0.41265924164364703,2.331185267463731,2.331185267463731,2.002057267102835,-0.6906325117264163,0.011910232971496144,-0.12098481018053849,229.0,0.7667471246611678,229.0,-0.0004954460069957536,0.2400790159123461,1.0667416156786491,0.029088277313484897,0.02189193038846615,0.23490201849765763,-0.21366807605369376,19.52612453137171,16.414266665172033,0.23614418367106138,0.08902225011283114,-0.056842105263157916,-0.26315789473684204,-0.056842105263157916,-0.004434597067865864,0.10470867876694376,0.7125815693504542,0.004469464638533873,-0.01386790148417701,-0.002219756738312888,0.0,-0.045610511252052295,0.10470867876694376,0.07598699394357442,0.912384634766052,0.8863247011150587,0.4732706027288232,-0.004568857995662986,0.19413773284502572,0.00010210820502971104,0.045610511252052344,0.642075290312851,0.002312845598964055,-0.21366807605369376,-0.6480681085427432,0.14856897087354493,0.23942481483792763,0.2687701619255454,0.8345128121077391,1.0674685744730177,-0.5049880360758329,-0.042501749771439765,-0.18949281540445814,0.25
TPB,Banks,1,0.7189004,5.0,0.1186253657854943,0.03112656100525838,0.046798029556650245,0.42155677,0.29734367,0.5863911,0.2936076357787994,-0.12557730738320239,0.25639011928564337,-0.3243678662048922,0.24861400972254755,2026-07-24,partial_correlation,60,residual,absolute,0.1724137931034483,0.14378007650375366,0.0665144890493656,0.6766719935206937,0.029178763633063133,3,0.2879771925508976,1.2212074995040894,0.866711,5.974336788058281,0.2936076357787994,0.2414899676252917,-0.22706329963629393,17.0,19.0,16.0,13.0,-0.07636309,-0.20733118,0.012052476,0.0064315796,-0.03557592813335489,-0.01670935904977701,-0.02722690849321681,-0.021836974656535404,0.00417628249396311,0.15652697733159526,-0.0022952208842021496,-0.0074811137993878105,0.0021620839620512047,0.0004884386110846628,0.3519200570732892,-1.0,-2.0,0.0,-1.0,-0.18155135321635482,0.0024630541871921152,-0.01970443349753695,0.0024630541871921152,0.01724137931034482,1.1748527799785706,-5.0,-3.0,-6.0,False,11.0,,8.205403834547493e-05,0.6333333333333333,0.5333333333333333,0.6,0.4,0.4666666666666667,0.4,0.4,0.43333333333333335,0.43333333333333335,0.26666666666666666,19.0,16.0,18.0,12.0,14.0,12.0,12.0,13.0,13.0,8.0,0.7857142857142857,0.35714285714285715,0.8571428571428571,0.6428571428571429,0.42857142857142855,0.35714285714285715,0.35714285714285715,0.2857142857142857,0.6428571428571429,0.35714285714285715,1.0092556894395486,0.04970273302777976,0.028825300659173884,-0.567063333378598,-0.19738960356104163,-0.18877359008168051,-0.18877359008168051,-0.1494788427352964,-0.1136025220469984,-0.5858677807695534,-0.392106531835738,229.0,1.489693960865274,229.0,-0.001410295070456053,0.2629484887926038,0.7660864763202357,0.033506273691239485,0.025021146625426816,0.18278766647419264,0.13816642495904669,18.959889348856038,16.316717057151752,0.3017815532827941,-0.03212046020250538,-0.16417910447761197,-0.3338838117513021,-0.16417910447761197,-0.12557730738320239,-0.13485094416853147,0.07272727272724602,0.022505167396449643,-0.017326493089682076,-0.11621686462363855,0.014184634991956381,-0.06805346324501564,-0.13485094416853147,-0.045155716371762106,1.0420344366400751,0.8661308276834836,0.5682376393439714,-0.004568857995662986,0.19413773284502572,0.0002452735151996942,0.06805346324501561,-0.27096897746097726,0.004352844769878267,0.13816642495904669,-0.5276293238896687,0.1028351041973299,0.374202794463027,0.2187515949019625,1.172060571258359,1.4595055203538068,-0.2168832502953413,0.087116596323944,0.33978141032372505,0.1
SSI,Financial Services,4,0.7071833,5.0,0.09581669599306071,0.03167764750261165,0.03201970443349754,0.59015936,0.117023945,0.83452106,0.2532563203004979,-0.14660347419187525,0.39588510475396155,-0.39661757467861825,0.35633791437723045,2026-07-24,partial_correlation,60,residual,absolute,0.1724137931034483,0.1414366602897644,0.06228970765104623,0.6481478928151068,0.05225006868036899,3,0.45663105696439743,1.3639049530029297,0.7254933,5.2708824425935745,0.2532563203004979,0.22411652412282723,-0.38909960652438286,18.0,22.0,15.0,17.0,0.10143167,-0.036228478,0.057654023,0.21197218,0.7075045089352681,0.017698685581284818,-0.02157020713833588,0.02038796223438301,0.03675603122572592,0.5972523022148921,0.003886283569490872,0.0010314768232607442,0.0028368656346219427,0.00658347847561979,1.058046783081953,1.0,-1.0,-1.0,2.0,0.3559674353804067,0.009852216748768475,0.004926108374384237,-0.004926108374384237,0.05172413793103449,1.0568907483214607,-1.0,-3.0,2.0,True,14.0,,4.041123497121304e-05,0.4666666666666667,0.3333333333333333,0.8333333333333334,0.5,0.9,0.2,0.2,0.23333333333333334,0.9,0.6,14.0,10.0,25.0,15.0,27.0,6.0,6.0,7.0,27.0,18.0,0.5,0.5,0.5,0.5,0.5,0.5,0.5,0.5,0.5,0.5,-0.11571735570428365,-0.4820885946053438,1.3784213041715865,-0.0034931197262957755,0.7339392620563828,-0.6261509209323892,-0.6261509209323892,-0.6705171862679402,2.3941191770930432,0.24738917472809438,-0.5052040787645744,192.0,1.5582859865570757,192.0,-0.0020550133403037215,0.3984726032592022,2.108576134988507,0.04479064732769553,0.032438723927719175,0.23061447397868318,-0.3693016366696597,19.824330244614238,16.686489994377315,0.3609118197978106,-0.05314662701117824,-0.17184643510054853,-0.400587195897838,-0.20526315789473693,-0.14660347419187525,-0.1928651920079486,0.025641025641021616,-0.02054397337881829,0.005159437292171196,-0.15226921172755278,-0.03236528450203166,-0.06165608142309713,-0.1928651920079486,-5.551115123125783e-17,1.8745609913421888,1.227510849187885,0.6106845046502376,-0.03236528450203166,0.39588510475396155,0.0005038758302488667,0.06165608142309704,-0.2608990691441865,0.007137263302675739,-0.3693016366696597,1.4749813612655889,0.18828802585790888,0.6743730917480982,0.2884736621549751,1.3723440184979872,1.7034565929564605,-0.4091421763038378,-0.046445396265970953,-0.11732039348850036,0.0
MBB,Banks,0,0.6634324,5.0,0.14507120745210836,0.027494159803397387,0.007389162561576354,0.32874525,0.33468714,0.49552184,0.3193606016465498,-0.08311765903884774,0.24046961440915646,-0.2146203126729226,0.21095861410282968,2026-07-24,partial_correlation,60,residual,absolute,0.1724137931034483,0.13268648386001586,0.06888239164834996,0.6963478591531276,0.03319434112717258,4,0.5106593016535044,-0.6536506414413452,1.0620787,6.828975349664688,0.3193606016465498,0.24390424097928387,-0.1357525003740623,19.0,15.0,19.0,21.0,-0.025021613,-0.040585995,0.1447733,-0.010065615,0.8808931111083949,-0.006588625740145265,0.009200908390430168,0.05525869037828979,-0.010636994325948584,1.6452267635492586,-0.0012860924755249553,-0.0013040417122802232,0.00446133634719318,-0.0009575884283669449,0.9822925989600894,0.0,0.0,1.0,0.0,0.8684008322937644,-0.004926108374384237,-0.01477832512315271,-0.022167487684729065,0.009852216748768473,-0.7531161789556338,2.0,2.0,-0.0,False,11.0,,3.418600256279942e-05,0.26666666666666666,0.8,0.3,0.06666666666666667,0.6,0.7,0.7,0.4666666666666667,0.3333333333333333,0.1,8.0,24.0,9.0,2.0,18.0,21.0,21.0,14.0,10.0,3.0,0.2857142857142857,0.7142857142857143,0.42857142857142855,0.14285714285714285,0.6428571428571429,0.5714285714285714,0.5714285714285714,0.35714285714285715,0.42857142857142855,0.07142857142857142,-0.28389091972398206,0.8574955730290285,-0.4429323059923489,-0.8851108324010318,0.10069583242613621,0.6944538583971093,0.6944538583971093,-0.14461995286038004,-0.399807760220944,-0.9842037894558133,-0.2415880000106225,109.0,0.9543543500629015,109.0,-0.0019510937515720235,0.2293233314664316,1.6009279303163986,0.027897636498805684,0.018092767596214948,0.15579689204264113,-1.554551520154755,19.236566311001308,16.151085550538816,0.2940093471149041,0.010339188141849268,-0.12399957951979834,-0.2146203126729226,-0.12902443852828882,-0.08311765903884774,-0.13430993822352433,0.0,0.0005477874194659872,-0.03685895627662442,-0.11829026366624402,-0.0068259650703999825,-0.08109589365819517,-0.13430993822352433,-0.002696068027407461,0.9620230837004743,0.732387481227532,0.5668645896558498,-0.004568857995662986,0.19413773284502572,0.00017660133676264528,0.08109589365819496,-0.21373800663055553,0.001281813800410572,-1.554551520154755,-0.3636766144599228,0.12158618474555122,0.23019547781326324,0.18542116807062184,1.2968832895943752,0.9572746992500717,-0.5074252707030654,-0.2794304171366763,-1.1620196498557547,0.0
HDB,Banks,0,0.6580715,5.0,0.14339828228075616,0.026851474895312644,0.007389162561576354,0.21731728,0.44075418,0.33023354,0.2655042379161674,0.017561426929947426,0.2673595661459887,-0.12962962962962954,0.1872109365200971,2026-07-24,partial_correlation,60,residual,absolute,0.1724137931034483,0.1316143035888672,0.06886102714822408,0.6798229331874164,0.07396763050640098,4,0.5616585984826088,-0.7907850742340088,1.039805,6.854515507817268,0.2655042379161674,0.2703262669961435,-0.38689377855514623,20.0,16.0,20.0,21.0,0.036760688,0.082341194,0.052355528,0.20130408,1.4398049432815019,0.033522144695350115,0.03992863199338467,0.02335938460903987,0.05719755120198303,2.5331951716188916,-0.00010239920556072424,0.0026660664924302788,0.001657279506042976,0.005204430617946752,1.3891870210851867,0.0,0.0,0.0,1.0,1.156954311010665,-0.03940886699507389,0.0,0.002463054187192118,-0.06896551724137931,0.4547598113359189,6.0,8.0,6.0,False,10.0,,3.542707078072162e-05,0.3,0.8666666666666667,0.2,0.2,0.5,0.9666666666666667,0.9666666666666667,0.7666666666666667,0.5666666666666667,0.43333333333333335,9.0,26.0,6.0,6.0,15.0,29.0,29.0,23.0,17.0,13.0,0.35714285714285715,0.7857142857142857,0.2857142857142857,0.35714285714285715,0.5,1.0,1.0,0.7142857142857143,0.8571428571428571,0.6428571428571429,-0.25036367901928697,1.4830663763835505,-0.7404500283687812,-0.6849386638784406,-0.03298173215368274,2.7887371528375033,2.7887371528375033,0.8047780451572832,0.08359682405780662,-0.37268504679963516,-0.1388364448542157,137.0,1.3076267049387773,137.0,-0.0009393451422436923,0.2524047164398512,1.1694932092632964,0.03715490084838324,0.03241365741113155,0.17278429758638567,-1.2350852211638257,19.11248945916708,15.868454236694397,0.4666433844912925,0.11101827411064444,-0.06859205776173283,-0.18855218855218847,-0.10431654676259006,0.017561426929947426,-0.028600614833215295,0.32758620689643947,0.004452725889646479,-0.006183178112398853,-0.04352626504989086,-0.003861008657459431,-0.052742920154814944,-0.028600614833215295,0.09798301794138771,1.3781570831295418,1.117717533995534,0.678007292858573,-0.004568857995662986,0.19413773284502572,0.0001390791061616342,0.052742920154815055,-0.5072230300668961,0.0015436900314384618,-1.2350852211638257,1.7481168674507306,0.18180605137760295,0.3200962207958252,0.2365894789027684,1.1300568705962444,1.1972499260409595,-0.32983518563121494,-0.30512264707311265,-1.1412445474515165,0.05
CTG,Banks,3,0.60279715,4.0,0.08085563753476013,0.02621806272059527,0.017241379310344827,0.48602766,0.11676951,0.8062872,0.25345922286147105,-0.13196227254408255,0.23729764537950246,-0.29045377487399926,0.24510875508374574,2026-07-24,partial_correlation,60,residual,absolute,0.13793103448275862,0.15069928765296936,0.0608153897994498,0.6291592851083576,0.0958442898187714,3,0.4748494625091553,-0.43858256936073303,0.869108,5.702094584703445,0.25345922286147105,0.23314288423693663,-0.3158177203371279,21.0,24.0,22.0,19.0,0.10034335,-0.01706177,0.006213188,0.22780126,-0.999452513093042,0.047122352880206025,0.005232941425061977,0.01684844981769644,0.06275889714067037,-0.01820498485617773,0.0018847558197813315,-1.8131970132232583e-05,0.0004551333763770822,0.005726960254932367,-0.7997186207310018,1.0,0.0,0.0,2.0,-0.8887579593907976,0.0024630541871921187,0.0024630541871921187,0.0024630541871921187,0.024630541871921187,-0.5348175703572695,3.0,3.0,1.0,True,12.0,,3.7538728887332075e-05,0.36666666666666664,0.6666666666666666,0.5,0.03333333333333333,0.5666666666666667,0.36666666666666664,0.36666666666666664,0.3333333333333333,0.26666666666666666,0.13333333333333333,11.0,20.0,15.0,1.0,17.0,11.0,11.0,10.0,8.0,4.0,0.5,0.5714285714285714,0.7142857142857143,0.07142857142857142,0.5714285714285714,0.2857142857142857,0.2857142857142857,0.14285714285714285,0.35714285714285715,0.14285714285714285,-0.19331760483580682,0.2993261576106647,-0.015089535764411039,-1.0771305393299262,0.08129444113535433,-0.3215909050517408,-0.3215909050517408,-0.4773266347040779,-0.4568307100994549,-0.9407368857003906,-0.34312963281157666,131.0,1.4963536640794288,131.0,-0.0022004073854090854,0.2507385262280237,1.6559169993883274,0.03700529996696589,0.021104400761907706,0.1395013367810516,-0.3773237568519158,19.218558326190013,15.848476261604802,0.45554049182095224,-0.03850542536338554,-0.14648787412379616,-0.29045377487399926,-0.18881078945650043,-0.13196227254408255,-0.17135467425474332,0.0,0.007578735389387962,-0.030500970524196244,-0.1349340429332401,-0.0017226533114461818,-0.08317210837465057,-0.17135467425474332,-0.05154068153264227,1.18695120916222,0.9192510139413393,0.6978085271617579,-0.004568857995662986,0.19413773284502572,0.00023840595959803034,0.0831721083746504,-1.0823581253857617,0.0009859743610609786,-0.3773237568519158,0.5964029428833512,0.06623600323893387,0.327912123520674,0.18905822428349897,1.255156427484539,1.3818599969454939,-0.3320592659972711,-0.019434971801182983,-0.08190124166677365,0.1
MSN,Food & Beverage,0,0.6017386,4.0,0.18626010956188682,0.023912713877163316,0.0,0.15687926,0.44485933,0.26071,0.32311132215173705,-0.11097850796204967,0.21646441817222392,-0.5510862069881224,0.22253838633070064,2026-07-24,partial_correlation,60,residual,absolute,0.13793103448275862,0.15043464303016663,0.06725101487348466,0.6855938536540291,0.230228464401256,4,0.3375121280550957,-0.5327943563461304,1.4479911,9.217870891094208,0.32311132215173705,0.2674056897413339,-0.23169910912523273,22.0,11.0,26.0,28.0,0.00087332726,-0.03136331,0.04321301,0.005432546,-0.4035078540688464,0.0020267401824039244,0.03509892421549027,0.052665459927297625,0.009740076423810667,1.5022927461666096,-0.0003581597003392105,-0.0017666056150801683,0.000772082225141333,-0.0004799077886661965,-0.5154686859455258,0.0,-1.0,-1.0,0.0,-0.9426067570071522,0.0,0.0,0.0,0.0,-0.7106615594870035,1.0,3.0,-2.0,False,8.0,,2.6880600830741463e-05,0.16666666666666666,0.1,0.36666666666666664,0.26666666666666666,0.5333333333333333,0.5666666666666667,0.5666666666666667,0.26666666666666666,0.06666666666666667,0.3,5.0,3.0,11.0,8.0,16.0,17.0,17.0,8.0,2.0,9.0,0.3333333333333333,0.6666666666666666,1.0,0.6666666666666666,0.6666666666666666,0.3333333333333333,0.3333333333333333,0.3333333333333333,0.6666666666666666,1.0,-0.48124506897877956,-1.6190492936705378,-0.29785759513392385,-0.6499180627810033,0.03298173215368274,0.11490439281222914,0.11490439281222914,-0.5898666686322187,-0.8313526741357364,-0.5234291001953804,-0.3256831906303948,1136.0,1.2187650371964394,1136.0,-0.000484684438863784,0.22974627289631963,1.6378952755953426,0.03813901546236801,0.027552634634867228,0.1757562849391666,-0.42902431919808187,19.173715432374053,15.021900738081523,0.38423021369088883,-0.017521660781352658,-0.11862068965517247,-0.2779661016949153,-0.21111111111111114,-0.11097850796204967,-0.18388527877013736,0.0,0.008161099188802208,7.576364957246999e-05,-0.07388438355580887,-0.0015637219761827587,-0.06218834379261759,-0.18388527877013736,-0.0736256179802539,0.7237340736029574,0.9498556057702074,0.6086304047029344,0.002197767962092839,0.14341946077959844,0.00019652116424869907,0.0621883437926176,-0.32642822881892103,0.002164927766816851,-0.42902431919808187,1.3434862284625324,0.05243942354573641,0.3365957040619997,0.2239760984089052,0.9664621346161056,1.5549701281281325,-0.3404003316356745,-0.05957578177987864,-0.2752220539658339,0.15
BVH,Insurance,3,0.6016326,5.0,0.08068376811536067,0.026062487581968323,0.007389162561576354,0.48674154,0.11489108,0.8090345,0.28566673646797286,-0.10641259360863001,0.2774290396566178,-0.3632476838276931,0.23934491824711265,2026-07-24,partial_correlation,60,residual,absolute,0.1724137931034483,0.12032651901245117,0.055312633281651535,0.5744410216035035,0.07580348526960247,3,0.6349046602845192,-1.190814733505249,0.85997164,4.870006710290909,0.28566673646797286,0.27577052668485097,-0.3688126046723158,23.0,25.0,23.0,21.0,-0.08868271,-0.010830164,0.04028201,-0.06156802,-0.5804187106654292,-0.014201210615584214,-0.054038265682603406,-0.02253845683969033,-0.02736844562132948,-1.1386139465329916,-0.0036652136567372484,0.0018023441479742587,0.002709188288611882,-0.003067142092477798,-0.38078958396185403,-1.0,0.0,0.0,-1.0,-0.2814270655751058,-0.009852216748768473,0.002463054187192118,0.004926108374384236,-0.012315270935960592,-0.6032979340783314,2.0,-7.0,2.0,True,14.0,,0.0006721281431412937,0.9666666666666667,0.4,0.4666666666666667,0.7666666666666667,0.03333333333333333,0.6,0.6,0.13333333333333333,0.6,0.7,29.0,12.0,14.0,23.0,1.0,18.0,18.0,4.0,18.0,21.0,0.5,0.5,0.5,0.5,0.5,0.5,0.5,0.5,0.5,0.5,5.0,-0.236470737682928,-0.08730053836920279,0.9493876511306155,-3.306613858065102,0.2098825907388192,0.2098825907388192,-0.8474134116497251,0.26461721799344007,0.6493126807907316,-0.4112960284189576,2070.0,1.4909293135743875,2070.0,-0.00017539723989748582,0.28476754348861716,1.7148787943117303,0.03952759441324979,0.032343462418438725,0.31147972217404063,-1.7981898502221398,16.07396934905578,12.027549864243364,0.06488162137444187,-0.012955746427932999,-0.12172573189522351,-0.33720930232558144,-0.21052631578947367,-0.10641259360863001,-0.21256144198367288,0.0,0.0041397645897203305,-0.009603922375753221,-0.03448617607116932,-0.003502630551202112,-0.05129329438755058,-0.21256144198367288,1.1102230246251565e-16,0.9444258248835633,0.5846979507588972,0.2605150508368392,-0.003502630551202112,0.2774290396566178,0.00022732535670919458,0.05129329438755051,0.92720610260182,0.0002261353776785043,-1.7981898502221398,-0.2588204920749681,0.15154679739704596,0.24707386778631904,0.3221042697789218,0.8613019623930214,0.8905840141725581,-0.298826487845767,-0.4748923129842816,-1.7117613699419136,0.0
VJC,Travel & Leisure,1,0.5717957,4.0,0.12296883400858932,0.024299218014335926,0.0049261083743842365,0.16518834,0.40660736,0.288894,0.29828675360319695,-0.09073285812335732,0.22942313104149342,-0.2440484086976018,0.20430905359137783,2026-07-24,partial_correlation,60,residual,absolute,0.13793103448275862,0.1429489254951477,0.05991887237390531,0.6178411918114806,0.12972218278650086,3,0.3046357333660126,0.43559396266937256,1.1205845,7.59970760345459,0.29828675360319695,0.2318899549715441,-0.1533900407526536,24.0,18.0,24.0,24.0,0.0005273819,-0.6023207,-0.248065,-0.0050218105,-0.9355243627999873,-0.010048675709281446,-0.10194544916585507,-0.07642501154553424,-0.004732860060552374,-0.7137303370740334,0.00011658528653972836,-0.01970068374239093,-0.007095472495797318,-0.0003311459726967614,-0.7984656371110344,0.0,-5.0,-3.0,0.0,-0.8751527189199461,0.0049261083743842365,-0.0541871921182266,0.0024630541871921183,0.0049261083743842365,-0.8485993912179465,-19.0,-10.0,-20.0,False,11.0,,8.417095748266538e-05,0.6666666666666666,0.7666666666666667,0.26666666666666666,0.7,0.3333333333333333,0.6333333333333333,0.6333333333333333,0.6666666666666666,0.2,0.6666666666666666,20.0,23.0,8.0,21.0,10.0,19.0,19.0,20.0,6.0,20.0,0.5,0.5,0.5,0.5,0.5,0.5,0.5,0.5,0.5,0.5,1.066443889443401,0.6408911522600469,-0.5262399090739204,0.4600431514261274,-0.7355194229883196,0.5360457434141295,0.5360457434141295,0.31435055882687013,-0.5983920028535916,0.4539477507360715,-0.2797779375215684,163.0,1.5049393792018393,163.0,-0.0014881000530341574,0.287489431744506,2.038755499833153,0.03984342488219403,0.03310957254316319,0.2699520036683446,-1.2635221663128342,18.46040797303556,13.627735357050334,0.22049391449197164,0.0027239890573396847,-0.1114245416078985,-0.3071656777727064,-0.12439193884642119,-0.09073285812335732,-0.08320654181035801,0.07821229050278923,0.0067247400072839286,0.013092670235738232,-0.07992194201914168,-0.001568627772626487,-0.030153038170687558,-0.08320654181035801,-4.0245584642661925e-16,0.8836087234492688,0.9850149676942698,0.46234243850269313,-0.001568627772626487,0.22942313104149342,0.00016564360864843055,0.030153038170687575,0.5010441916777725,0.0010619523923716028,-1.2635221663128342,0.20455227373095933,0.11596326787767955,0.3063149584663297,0.30575727537067704,0.7503439804093224,1.3351528988138275,-0.31168507599036627,-0.17379453353528143,-0.7575283832380832,0.0
SAB,Food & Beverage,4,0.5393728,4.0,0.057568722646609186,0.02648870968912402,0.05172413793103448,0.43676767,0.102605164,0.8097696,0.3008234434658045,-0.04622671749523348,0.16446397958029083,-0.6231147470190566,0.14008936484991344,2026-07-24,partial_correlation,60,residual,absolute,0.13793103448275862,0.13484320044517517,0.05969280821706567,0.6003237971700431,0.04064723638448902,3,0.5847383290529251,-0.0574619434773922,0.6968273,4.712994068861008,0.3008234434658045,0.26355794665575394,-0.41564942211739636,25.0,26.0,21.0,12.0,-0.014687777,-0.24596798,-0.48195267,0.08898306,-2.49229446753714,0.0060359393465424585,-0.04612900648047698,-0.07840639523419894,0.03923566949892039,-2.230966321078119,-0.003491543152852456,-0.007002275117635529,-0.01430617169661405,-0.003715247404486397,-1.9568411931355754,0.0,-1.0,-4.0,1.0,-1.6807144495728732,-0.03201970443349753,-0.03448275862068966,-0.009852216748768475,-0.07635467980295566,-0.0962040847126547,-10.0,-3.0,-6.0,True,14.0,,0.00032319472510587856,0.9,0.03333333333333333,0.03333333333333333,0.43333333333333335,0.1,0.8,0.8,0.8,0.03333333333333333,0.06666666666666667,27.0,1.0,1.0,13.0,3.0,24.0,24.0,24.0,1.0,2.0,1.0,0.3333333333333333,0.3333333333333333,1.0,0.3333333333333333,0.6666666666666666,0.6666666666666666,0.6666666666666666,0.3333333333333333,0.6666666666666666,5.0,-2.1492127190974455,-1.3308026061848417,-0.328386719993774,-2.126423537410528,1.461843449269187,1.461843449269187,0.8705494147287387,-1.766172142978985,-0.9998222040602671,-0.14396068892150846,2156.0,0.15210656355471822,2156.0,-0.0002888802721460624,0.16922647342521363,0.415320863423436,0.020889266040671452,0.016644681936052407,0.2030427121945868,0.37358276401399726,17.169398488659922,13.335215755785308,-0.21618520809394637,0.04723012968546353,-0.05246913580246926,-0.2094972067039106,-0.062118126272912466,-0.04622671749523348,-0.02127739844728485,0.14754098360650972,-0.01027620896709015,-0.0003331745566757683,-0.013881696486155861,-0.010695289116747919,-0.008565362858923046,-0.02127739844728485,-0.00887382751343771,0.2358159869029157,0.009192805015357063,0.007165693562168164,0.002197767962092839,0.14341946077959844,7.787710374623873e-05,0.008565362858923092,0.422504576564287,0.0004797815672595115,0.37358276401399726,0.0012366544215676105,0.08612318697602421,0.11627209205313593,0.18411431050855467,0.8932710288793978,0.7069760342000314,-0.29351301964367293,0.07176821280143589,0.43637648185692146,0.05
VCB,Banks,3,0.5264057,3.0,0.047293594835587434,0.0239223318460686,0.0,0.5264057,0.0,1.0,0.25040411029833726,-0.11920958634886052,0.22046352149472312,-0.28289506159387967,0.22561290915771876,2026-07-24,partial_correlation,60,residual,absolute,0.10344827586206896,0.1754685640335083,0.052788685740134164,0.5761777237469669,0.20925382895489297,3,0.0,0.6384332776069641,0.75919366,5.117022484540939,0.25040411029833726,0.24525615603443457,-0.3273555175515295,26.0,27.0,25.0,28.0,0.0056854486,-0.22874111,-0.34610003,0.017376304,-2.642495155438762,0.014647905051409192,-0.04420950866444164,-0.05779495026796772,0.01665455719700261,-2.5783280801112056,-0.0011267523471974218,-0.0071785865784439185,-0.010894768244869558,-0.001594025472725951,-2.4750553985769117,0.0,0.0,-1.0,0.0,-1.5652016872698997,0.0,-0.034482758620689655,-0.046798029556650245,0.0,-2.254194535591463,-10.0,-2.0,-9.0,True,12.0,,4.000732653425064e-05,0.43333333333333335,0.7,0.4,0.3333333333333333,0.43333333333333335,0.4666666666666667,0.4666666666666667,0.6333333333333333,0.1,0.16666666666666666,13.0,21.0,12.0,10.0,13.0,14.0,14.0,19.0,3.0,5.0,0.5714285714285714,0.6428571428571429,0.5714285714285714,0.5,0.35714285714285715,0.42857142857142855,0.42857142857142855,0.5714285714285714,0.07142857142857142,0.21428571428571427,-0.1266288714397906,0.35496178930175576,-0.2593390905053325,-0.603658101979095,-0.44742094185559694,-0.05631498005802342,-0.05631498005802342,0.22814105531628778,-0.7594602104370184,-0.8553419387698226,-0.332533091482095,129.0,1.1870472674079915,129.0,-0.002176115858414459,0.23326060516682637,2.7092815731032807,0.032542775649289056,0.02228584407963711,0.17968208901262875,-1.0156713375485984,18.727815242681224,14.733280595126624,0.16132104424696814,-0.025752739168163508,-0.1365200636039322,-0.2842205790401017,-0.16179913724264605,-0.11920958634886052,-0.0928054121523498,0.009593523466031024,0.007957889904043267,-0.0378509207446891,-0.10444311623255953,0.0018501392881613734,-0.07082650543357458,-0.0928054121523498,-0.038787995337420236,1.0353068925293547,0.6504868181006244,0.47580534394583346,-0.004568857995662986,0.19413773284502572,0.00020198882848654386,0.07082650543357465,-0.20974910534637942,0.00030075164079312075,-1.0156713375485984,-0.09938127193363776,0.0650050333940111,0.3121221567442352,0.1962035738586545,1.123646818240028,1.4157542010880482,-0.6632820485233203,-0.17477846025496,-0.7927772316706979,0.1
TCB,Banks,5,0.40661156,3.0,0.08683622399938892,0.018536495268532217,0.014778325123152709,0.108226806,0.29838473,0.26616755,0.3615425017031652,-0.15514918215684773,0.26482049620137493,-0.2929492933196296,0.26398861412571534,2026-07-24,partial_correlation,60,residual,absolute,0.10344827586206896,0.1355371872584025,0.06495541166304154,0.6382222945421534,0.0,3,0.6456670090556145,-0.8961722254753113,1.0874615,7.2333875596523285,0.3615425017031652,0.2947876172753304,-0.19954772119463185,27.0,23.0,27.0,20.0,-0.117961526,-0.09789884,-0.23307705,-0.22017738,-1.2017610633895885,-0.0176222772335686,-0.02742836371954903,-0.06167711190330555,-0.030049195708337556,-0.6448460749429785,-0.005011120966611337,-0.0027119879121030935,-0.007401982994933484,-0.00963273290756091,-1.203596844239655,-1.0,0.0,-2.0,-2.0,-1.0680756052302145,0.0,0.014778325123152709,0.009852216748768471,-0.014778325123152709,0.06692366047727098,-0.0,-3.0,-0.0,True,14.0,,3.623889298092193e-05,0.3333333333333333,0.6333333333333333,0.6333333333333333,0.3,0.7666666666666667,0.16666666666666666,0.16666666666666666,0.4,0.5333333333333333,0.4666666666666667,10.0,19.0,19.0,9.0,23.0,5.0,5.0,12.0,16.0,14.0,0.42857142857142855,0.5,0.9285714285714286,0.42857142857142855,0.8571428571428571,0.07142857142857142,0.07142857142857142,0.21428571428571427,0.7857142857142857,0.7142857142857143,-0.22843244435992266,0.28095798567793906,0.22144275845197942,-0.6107096036130302,0.433482446064912,-0.8039150837472481,-0.8039150837472481,-0.2651429509815979,0.037951593339542504,-0.3557490299766202,-0.3466528947516282,194.0,1.303522092513413,194.0,-0.0015023040683057928,0.29363094392635153,1.080327308754822,0.035927663275983575,0.027181562181490388,0.17908367056698696,-0.8649387614334831,19.545452214800207,16.185296344119315,0.4338467248014368,-0.06169233497615072,-0.16618075801749255,-0.30508474576271183,-0.16618075801749255,-0.15514918215684773,-0.14772939414292516,0.0,-0.01238366410382264,-0.03468920122183385,-0.12475170497247676,-0.022472855852058514,-0.09499226532064259,-0.14772939414292516,-0.07472759114540745,1.2496234793639522,1.087764228764095,0.6559089058396103,-0.004568857995662986,0.19413773284502572,0.0002765475729683167,0.09499226532064264,-0.20323071113322097,0.0015194979767769378,-0.8649387614334831,1.1664912884303216,0.10999232407759743,0.3485151135361815,0.23800658571014835,1.1126603720233552,1.3160428234748394,-0.3703245786012446,-0.12866368259344724,-0.485852433776911,0.0
SSB,Banks,2,0.31732804,2.0,0.04281764746942225,0.015986580842541103,0.0049261083743842365,0.1305137,0.18681434,0.4112895,0.369138697136409,-0.04445176257083392,0.22298371319915805,-0.3069420215417541,0.1856427817936574,2026-07-24,partial_correlation,60,residual,absolute,0.06896551724137931,0.1586640179157257,0.057301205052112565,0.5847407875288817,0.0,2,0.4842609018087387,-1.271577000617981,0.8945642,4.2338685393333435,0.369138697136409,0.32590622549567944,-0.42792165393814496,28.0,28.0,29.0,24.0,0.022482514,-0.108864844,-0.05979225,0.032980204,-0.12502651879345553,0.0013414802463280959,-0.026020370960662287,-0.030024670964178546,0.0018514440812784846,-0.5520623902592579,0.0006583795794692267,-0.003294274235712432,-0.0013896392579663824,0.0008040817161374791,0.005011304061019708,0.0,-1.0,-1.0,0.0,-0.34675954951567545,0.0049261083743842365,-0.007389162561576355,0.0049261083743842365,0.019704433497536946,0.3422963828691946,-0.0,-0.0,-1.0,False,13.0,,0.00025574389132536145,0.8666666666666667,0.5666666666666667,0.16666666666666666,0.4666666666666667,0.13333333333333333,0.8333333333333334,0.8333333333333334,0.9666666666666667,0.13333333333333333,0.36666666666666664,26.0,17.0,5.0,14.0,4.0,25.0,25.0,29.0,4.0,11.0,1.0,0.42857142857142855,0.21428571428571427,0.7142857142857143,0.07142857142857142,0.7142857142857143,0.7142857142857143,0.9285714285714286,0.14285714285714285,0.5,5.0,0.1779650231366563,-0.7600963209765019,-0.20163524150709097,-2.068741085418236,1.4987653026092826,1.4987653026092826,2.011495487398483,-0.7141543565958451,-0.4867967435364028,-0.21866433458423518,734.0,0.49798283906452034,734.0,-0.0004176081925738151,0.23597765372671442,4.170867082944998,0.03236052744402195,0.027331373806086898,0.21379934626721758,-1.5255639554973732,17.222938191240374,14.489169571780137,0.11324613153766028,0.04900508460986309,-0.06666666666666665,-0.2943722943722944,-0.06666666666666665,-0.04445176257083392,0.10575956352080337,0.6144317427548126,-0.014055720941466125,-0.019635454525388354,-0.05372539935616299,-0.016103407566578735,-0.03509131981127006,0.10575956352080337,0.03596982844060636,0.6415357018163828,0.5434297861839857,0.34350759369892375,-0.004568857995662986,0.19413773284502572,0.00013675889854002972,0.03509131981126995,0.430021099361843,0.0005716946521747035,-1.5255639554973732,-0.2792453211535967,0.11839451590193982,0.11579555662373285,0.22704127970473753,0.9821285075919305,0.5193005128575945,-0.15332815332815333,-0.28917713385444566,-1.296853163424393,0.3
VNM,Food & Beverage,4,0.28105357,2.0,0.020219206144817387,0.01630347179937068,0.0,0.16402963,0.117023945,0.58362406,0.26082216697120386,0.045146555511896294,0.26059829166949683,-0.4075227009638639,0.14733945357662093,2026-07-24,partial_correlation,60,residual,absolute,0.06896551724137931,0.14052678644657135,0.046600692681636975,0.4698494719018279,0.24388341830693414,2,0.0,-0.27701425552368164,0.60924506,4.416375935077667,0.26082216697120386,0.23013005686853927,-0.528806775093359,29.0,30.0,28.0,28.0,0.111628935,0.04783863,-0.044577956,0.1900914,-0.49194973551857574,0.01166069562446849,-0.007937686083109258,-0.006529841754479841,0.03134689591262154,-0.7621836665681663,0.0035115029956339656,0.0029306092019927617,-0.0008604432212377111,0.004887732683857034,-0.3486559520970133,1.0,0.0,-1.0,2.0,-0.5379342868812753,0.0,0.0,-0.0049261083743842365,0.0,-0.7037127311291954,-0.0,-0.0,1.0,True,16.0,,5.085506693883034e-05,0.5666666666666667,0.3,0.06666666666666667,0.16666666666666666,0.6333333333333333,1.0,1.0,0.8666666666666667,0.5,0.03333333333333333,17.0,9.0,2.0,5.0,19.0,30.0,30.0,26.0,15.0,1.0,0.6666666666666666,1.0,0.6666666666666666,0.3333333333333333,1.0,1.0,1.0,1.0,1.0,0.3333333333333333,0.16642093709957304,-0.5623553764062225,-1.2399714132194513,-0.6973499500331504,0.19133798516756428,3.3625512017857777,3.3625512017857777,1.043410747842043,-0.0379515933395435,-1.1156986677410905,-0.18872116851991497,2131.0,0.01655985063206527,2131.0,-0.00019114573215941083,0.24031411808643718,5.627515695303791,0.022372386254766948,0.013801978333402964,0.17173102653084568,0.32807237595376565,19.320698551074535,15.245056200496187,0.030578375666623803,0.1386034026925933,-0.023172905525846832,-0.229620528363636,-0.08055523222586802,0.045146555511896294,-0.0020304076152963466,0.8539554016582654,0.0192981965287115,0.00874145113713172,0.03983210544840362,0.018852314979209195,-0.001696353248178402,-0.0020304076152963466,0.08249944549369206,-0.10796894033256561,0.05876515706593707,0.048353199655312276,0.002197767962092839,0.14341946077959844,8.614648642959219e-05,0.0016963532481784512,1.237459002419513,0.0019981148295445767,0.32807237595376565,0.2598444522192722,0.20997870079782055,0.25925486702032957,0.1744184459370186,1.4940982318011429,0.9948448447549078,-0.13479026411185915,0.0693062673458277,0.2659505820311563,0.1
VPB,Banks,1,0.24913591,2.0,0.040182313667784395,0.01383295936299922,0.0024630541871921183,0.12532635,0.12380957,0.5030441,0.25792780817863503,-0.06966065114448791,0.2297387876261941,-0.34299711633402863,0.19774059128441543,2026-07-24,partial_correlation,60,residual,absolute,0.06896551724137931,0.12456795573234558,0.049900717038728344,0.4937777726822467,0.0,2,0.4999814033508301,-1.6320481300354004,0.78931236,5.4969562292099,0.25792780817863503,0.20584651051857034,-0.1845249257100138,30.0,29.0,30.0,27.0,-0.08865774,0.016855314,-0.11576554,-0.26568162,-1.4587139821755128,-0.011603846525708839,-0.0025997381375070447,-0.04204350681998199,-0.02797355602426014,-1.6004963752025771,-0.0032546905068233725,0.0008355234348202557,-0.0036048842445895596,-0.009643786829717928,-1.4555215917851139,-1.0,0.0,-1.0,-3.0,-1.3967176496756522,0.0024630541871921183,0.0024630541871921183,0.0024630541871921183,0.0024630541871921183,-0.2562914440370002,-0.0,-0.0,-0.0,True,12.0,,2.7374159278813977e-05,0.2,0.4666666666666667,0.23333333333333334,0.1,0.7333333333333333,0.7333333333333333,0.7333333333333333,0.7333333333333333,0.23333333333333334,0.4,6.0,14.0,7.0,3.0,22.0,22.0,22.0,22.0,7.0,12.0,0.14285714285714285,0.21428571428571427,0.35714285714285715,0.21428571428571427,0.7857142857142857,0.6428571428571429,0.6428571428571429,0.6428571428571429,0.2857142857142857,0.5714285714285714,-0.46791167388300714,-0.08741717884820623,-0.6085314905675087,-0.8053797323517483,0.4239420453218343,0.9743807821978018,0.9743807821978018,0.6784643326731347,-0.5927173983918413,-0.4243114220875173,-0.42006687136564985,229.0,1.218139982100127,229.0,-0.0014912918101479505,0.22788181908136415,0.5123592263341397,0.0310668375609401,0.026786825500264105,0.16256318997997496,-0.6467662673176481,19.53659700492891,16.333666682983427,0.5101542339468952,0.023796196036209097,-0.10251798561151082,-0.3790426908150065,-0.11367673809110657,-0.06966065114448791,-0.04266482932439538,0.0,0.006732526162539153,0.024388562139663995,-0.06778974320867623,-0.0020020026706730793,-0.03543677875691058,-0.04266482932439538,0.010760939866952368,1.010190736302795,1.1443004910046382,0.7070421109683098,-0.004568857995662986,0.19413773284502572,0.00015516405333932632,0.03543677875691047,-0.02071597382585897,0.0015419763360650213,-0.6467662673176481,1.0687827263092666,0.11872959004269618,0.2814448568545772,0.2322696858472142,0.9891036223139595,1.225064603854742,-0.3526864215310281,-0.09904241408528268,-0.43110880451947753,0.1
