n,n_positive,base_rate,threshold,auroc,auprc,auprc_lift_over_base,brier,brier_skill_score,log_loss,balanced_accuracy,accuracy,mcc,precision,recall,f1,true_negatives,false_positives,false_negatives,true_positives,specificity,false_positive_rate,false_negative_rate,recall_stress,precision_stress,false_alarms_per_year,alerts_per_year,model,feature_set,horizon,target,n_folds,n_features_candidate,n_features,effective_sample_size,expected_calibration_error,maximum_calibration_error,calibration_slope,calibration_intercept,mean_predicted,observed_base_rate,calibration_bias,brier_reliability,brier_resolution,brier_uncertainty,n_events,n_events_detected,event_detection_rate,n_missed_events,mean_warning_lead_days,median_warning_lead_days,max_warning_lead_days,n_false_alarm_days,n_false_alarm_events,false_alarm_events_per_year,false_alarm_days_per_year,alert_rate,n_days,lead_window,label_kind,calibration_method
1323,152,0.11489040060468632,0.11909261123994186,0.5438896130163153,0.12806767240430247,1.114694280203238,0.10524231391701858,-0.03492670499832129,0.36729588025046955,0.4874348285316194,0.5132275132275133,-0.016045814406198258,0.10952380952380952,0.45394736842105265,0.17647058823529413,610,561,83,69,0.5209222886421861,0.47907771135781385,0.5460526315789473,0.45394736842105265,0.10952380952380952,106.85714285714286,120.0,naive_frequency,market,5,stress_q10_5d,21,36,36.0,264.6,0.07838181039969233,0.16402116402116396,0.2839142684474879,-1.4409749657313082,0.12167824483312034,0.11489040060468632,0.006787844228434023,0.004568018400007317,0.0002584656941637831,0.10169059645358101,17,13,0.7647058823529411,4,25.307692307692307,40.0,40.0,150,7,1.3333333333333333,28.571428571428573,0.47619047619047616,1323,40,quantile,sigmoid
1323,152,0.11489040060468632,0.12616620987513885,0.5785653287788215,0.133707618197809,1.1637840715506664,0.15575932183044813,-0.5316983798157582,0.5017589450667235,0.556260955548564,0.5185185185185185,0.07176875429714683,0.1375186846038864,0.6052631578947368,0.2241169305724726,594,577,60,92,0.5072587532023911,0.4927412467976089,0.39473684210526316,0.6052631578947368,0.1375186846038864,109.9047619047619,127.42857142857143,logistic_elasticnet,market,5,stress_q10_5d,21,36,36.0,264.6,0.13399632959805652,0.6633237864631794,0.132613070974434,-1.8082281286627282,0.21710452518208306,0.11489040060468632,0.10221412457739674,0.05642201632449875,0.0018208173855669182,0.10169059645358101,17,16,0.9411764705882353,1,28.3125,39.0,40.0,161,8,1.5238095238095237,30.666666666666668,0.5056689342403629,1323,40,quantile,sigmoid
1323,152,0.11489040060468632,0.1402236981616448,0.5641714234347611,0.1318461512230308,1.1475819609741431,0.15836605899135153,-0.5573323838614843,0.668051448491431,0.5050844981796935,0.4988662131519274,0.006485799168692134,0.11694152923538231,0.5131578947368421,0.19047619047619047,582,589,74,78,0.49701110162254486,0.5029888983774552,0.4868421052631579,0.5131578947368421,0.11694152923538231,112.19047619047619,127.04761904761905,logistic_l2,market,5,stress_q10_5d,21,36,36.0,264.6,0.14476576794774784,0.6919457218440943,0.06423917663047045,-1.9225969052314293,0.2021210851920179,0.11489040060468632,0.08723068458733159,0.05754825464559683,0.001863298873411599,0.10169059645358101,17,17,1.0,0,29.294117647058822,39.0,40.0,182,9,1.7142857142857142,34.666666666666664,0.5041572184429327,1323,40,quantile,sigmoid
1323,152,0.11489040060468632,0.14337832660024427,0.623502741696256,0.1436361736534745,1.2502016956812287,0.13131687095318387,-0.29133740515649786,0.414656801989858,0.6109797069531215,0.5495086923658352,0.14157021050616037,0.16055045871559634,0.6907894736842105,0.26054590570719605,622,549,47,105,0.5311699402220325,0.46883005977796754,0.3092105263157895,0.6907894736842105,0.16055045871559634,104.57142857142857,124.57142857142857,random_forest,market,5,stress_q10_5d,21,36,36.0,264.6,0.10431365552372268,0.508906585352906,0.2692984328597912,-1.5566698705905704,0.19038426440044573,0.11489040060468632,0.07549386379575941,0.034692397275107784,0.006064451786366415,0.10169059645358101,17,14,0.8235294117647058,3,29.785714285714285,40.0,40.0,139,8,1.5238095238095237,26.476190476190474,0.4943310657596372,1323,40,quantile,sigmoid
1323,152,0.11489040060468632,0.09196676084932968,0.47561126342756976,0.11337445228171088,0.9868052655835756,0.145019320263942,-0.42608387915336254,0.6931955339732137,0.5110313946694234,0.47392290249433106,0.0141157158548433,0.11904761904761904,0.5592105263157895,0.19630484988452657,542,629,67,85,0.4628522630230572,0.5371477369769427,0.4407894736842105,0.5592105263157895,0.11904761904761904,119.80952380952381,136.0,hist_gradient_boosting,market,5,stress_q10_5d,21,36,36.0,264.6,0.13121383598368538,0.5373839505502531,-0.08279890691955014,-2.247289966936503,0.17083075229251904,0.11489040060468632,0.05594035168783272,0.041673575361883534,0.0007635870082156169,0.10169059645358101,17,17,1.0,0,29.294117647058822,37.0,40.0,178,8,1.5238095238095237,33.904761904761905,0.5396825396825397,1323,40,quantile,sigmoid
1323,152,0.11489040060468632,0.11909259242852871,0.5438896130163153,0.12806767240430247,1.114694280203238,0.10523352856076418,-0.03484031199286375,0.3672472137703224,0.4874348285316194,0.5132275132275133,-0.016045814406198258,0.10952380952380952,0.45394736842105265,0.17647058823529413,610,561,83,69,0.5209222886421861,0.47907771135781385,0.5460526315789473,0.45394736842105265,0.10952380952380952,106.85714285714286,120.0,naive_frequency,graph,5,stress_q10_5d,21,664,60.0,264.6,0.07836140631522262,0.16402116402116396,0.2846275238962351,-1.4398149103602402,0.12177637883438629,0.11489040060468632,0.006885978229699968,0.004568027302915156,0.0002584656941637831,0.10169059645358101,17,13,0.7647058823529411,4,25.307692307692307,40.0,40.0,150,7,1.3333333333333333,28.571428571428573,0.47619047619047616,1323,40,quantile,sigmoid
1323,152,0.11489040060468632,0.12808344982756473,0.5872061665692839,0.13467621170506944,1.1722146584592557,0.14194339006317758,-0.3958359476037774,0.5012686861699883,0.586894354802463,0.5170068027210885,0.11096471652737104,0.14862914862914864,0.6776315789473685,0.24378698224852072,581,590,49,103,0.4961571306575576,0.5038428693424424,0.3223684210526316,0.6776315789473685,0.14862914862914864,112.38095238095238,132.0,logistic_elasticnet,graph,5,stress_q10_5d,21,664,60.0,264.6,0.09614442724072464,0.5557762250750747,0.03510109361345965,-1.9695574781507807,0.1915348892787994,0.11489040060468632,0.07664448867411307,0.04249500977536926,0.0029054465774820677,0.10169059645358101,17,17,1.0,0,29.0,40.0,40.0,136,9,1.7142857142857142,25.904761904761905,0.5238095238095238,1323,40,quantile,sigmoid
1323,152,0.11489040060468632,0.1214434258795935,0.6096004314800665,0.1460853083842803,1.2715188354763345,0.1676455044643502,-0.648584139644375,0.809907629548045,0.5870685199334802,0.5071806500377929,0.11136070906748749,0.14788732394366197,0.6907894736842105,0.24361948955916474,566,605,47,105,0.48334756618274977,0.5166524338172502,0.3092105263157895,0.6907894736842105,0.14788732394366197,115.23809523809524,135.23809523809524,logistic_l2,graph,5,stress_q10_5d,21,664,60.0,264.6,0.12413528984356659,0.7992878070946824,0.03415938897710385,-1.97523732335454,0.21503809154918707,0.11489040060468632,0.10014769094450075,0.06936185426043076,0.0031485926807518563,0.10169059645358101,17,17,1.0,0,28.705882352941178,40.0,40.0,148,9,1.7142857142857142,28.19047619047619,0.5366591080876795,1323,40,quantile,sigmoid
1323,152,0.11489040060468632,0.12164897529585067,0.5795962739898423,0.16149340825646746,1.4056301258112267,0.1153987082923098,-0.1348021578867047,0.4983060154119728,0.5196020045844758,0.5245653817082389,0.025026742387186603,0.12322274881516587,0.5131578947368421,0.19872611464968154,616,555,74,78,0.5260461144321094,0.4739538855678907,0.4868421052631579,0.5131578947368421,0.12322274881516587,105.71428571428571,120.57142857142857,random_forest,graph,5,stress_q10_5d,21,664,60.0,264.6,0.0939086451935603,0.2230711552448524,0.008058479259421755,-2.019422017763146,0.15397816013662455,0.11489040060468632,0.03908775953193823,0.018247378162525345,0.0043992547685698866,0.10169059645358101,17,15,0.8823529411764706,2,31.066666666666666,40.0,40.0,141,8,1.5238095238095237,26.857142857142858,0.47845804988662133,1323,40,quantile,sigmoid
1323,152,0.11489040060468632,0.1066963338627098,0.4967835633062161,0.11259485369726639,0.9800196805360752,0.11448632960747848,-0.1258300531233325,0.5249196761651104,0.4718077216953571,0.6122448979591837,-0.03797357839700547,0.09799554565701558,0.2894736842105263,0.1464226289517471,766,405,108,44,0.6541417591801879,0.34585824081981215,0.7105263157894737,0.2894736842105263,0.09799554565701558,77.14285714285714,85.52380952380952,hist_gradient_boosting,graph,5,stress_q10_5d,21,664,60.0,264.6,0.09608569732034995,0.25554132787937195,-0.0317064704217119,-2.147110630953491,0.10936551063670062,0.11489040060468632,-0.005524889967985697,0.013191373994008444,0.0008336790277760957,0.10169059645358101,17,15,0.8823529411764706,2,28.4,35.0,40.0,104,7,1.3333333333333333,19.80952380952381,0.3393801965230537,1323,40,quantile,sigmoid
1323,152,0.11489040060468632,0.11909261123994186,0.5438896130163153,0.12806767240430247,1.114694280203238,0.10524231391701858,-0.03492670499832129,0.36729588025046955,0.4874348285316194,0.5132275132275133,-0.016045814406198258,0.10952380952380952,0.45394736842105265,0.17647058823529413,610,561,83,69,0.5209222886421861,0.47907771135781385,0.5460526315789473,0.45394736842105265,0.10952380952380952,106.85714285714286,120.0,naive_frequency,combined,5,stress_q10_5d,21,700,60.0,264.6,0.07838181039969233,0.16402116402116396,0.2839142684474879,-1.4409749657313082,0.12167824483312034,0.11489040060468632,0.006787844228434023,0.004568018400007317,0.0002584656941637831,0.10169059645358101,17,13,0.7647058823529411,4,25.307692307692307,40.0,40.0,150,7,1.3333333333333333,28.571428571428573,0.47619047619047616,1323,40,quantile,sigmoid
1323,152,0.11489040060468632,0.1522435185100277,0.5796327924850555,0.16628081056458224,1.4472994235325152,0.13794693438398184,-0.35653579775147515,0.5023412103007754,0.5620477324823587,0.5895691609977324,0.08027340822721002,0.14519056261343014,0.5263157894736842,0.22759601706970128,700,471,72,80,0.5977796754910333,0.4022203245089667,0.47368421052631576,0.5263157894736842,0.14519056261343014,89.71428571428571,104.95238095238095,logistic_elasticnet,combined,5,stress_q10_5d,21,700,60.0,264.6,0.09633089680537005,0.5488666839411979,0.12580904849885466,-1.8032510758493037,0.1766916819847801,0.11489040060468632,0.06180128138009379,0.03697731260783908,0.0013796110328557743,0.10169059645358101,17,14,0.8235294117647058,3,29.928571428571427,38.5,40.0,89,8,1.5238095238095237,16.952380952380953,0.41647770219198793,1323,40,quantile,sigmoid
1323,152,0.11489040060468632,0.16547096660679333,0.5815092813160141,0.17570682558716078,1.5293429621829848,0.14530010416282385,-0.42884503808716845,0.7597542332086786,0.5795372825744978,0.671201814058957,0.10877010500916799,0.16548463356973994,0.4605263157894737,0.24347826086956523,818,353,82,70,0.6985482493595218,0.30145175064047824,0.5394736842105263,0.4605263157894737,0.16548463356973994,67.23809523809524,80.57142857142857,logistic_l2,combined,5,stress_q10_5d,21,700,60.0,264.6,0.10472533642106159,0.588913359312565,0.05511799317845787,-1.928083357437483,0.1733737804476039,0.11489040060468632,0.058483379842917585,0.04620651763524994,0.003025157785902877,0.10169059645358101,17,13,0.7647058823529411,4,29.615384615384617,37.0,40.0,39,5,0.9523809523809523,7.428571428571429,0.3197278911564626,1323,40,quantile,sigmoid
1323,152,0.11489040060468632,0.13485958890825567,0.5884253224864039,0.15822284850694351,1.377163345886094,0.11405877947353427,-0.12162563158530593,0.39891889910233913,0.5679468740168098,0.5797430083144369,0.08747455373233866,0.14685314685314685,0.5526315789473685,0.23204419889502761,683,488,68,84,0.5832621690862511,0.41673783091374894,0.4473684210526316,0.5526315789473685,0.14685314685314685,92.95238095238095,108.95238095238095,random_forest,combined,5,stress_q10_5d,21,700,60.0,264.6,0.09030290818762515,0.2711471775954214,0.22507958681196175,-1.578827391072377,0.15496183997270072,0.11489040060468632,0.0400714393680144,0.016305212915964713,0.0031917610619753,0.10169059645358101,17,15,0.8823529411764706,2,31.066666666666666,40.0,40.0,96,9,1.7142857142857142,18.285714285714285,0.4323507180650038,1323,40,quantile,sigmoid
1323,152,0.11489040060468632,0.16594442568455853,0.39299519079509193,0.09127814591004474,0.7944801778880868,0.12282875005891956,-0.2078673382055296,0.60093868284017,0.4345476201177581,0.6273620559334845,-0.09108669257217515,0.07052896725440806,0.18421052631578946,0.10200364298724955,802,369,124,28,0.6848847139197267,0.3151152860802733,0.8157894736842105,0.18421052631578946,0.07052896725440806,70.28571428571429,75.61904761904762,hist_gradient_boosting,combined,5,stress_q10_5d,21,700,60.0,264.6,0.11482504119284714,0.32201697734157586,-0.07683197425755035,-2.309675479482904,0.12007153426791715,0.11489040060468632,0.005181133663230836,0.0206669279671306,0.00130218805234137,0.10169059645358101,17,13,0.7647058823529411,4,28.615384615384617,37.0,40.0,77,8,1.5238095238095237,14.666666666666666,0.3000755857898715,1323,40,quantile,sigmoid
1323,149,0.1126228269085412,0.13493745452896921,0.5028812183437568,0.1168257472016895,1.0373185473009074,0.10993153391725698,-0.09998714787886587,0.3795967634981135,0.4864942890136401,0.6606198034769464,-0.01890222054252076,0.10317460317460317,0.26174496644295303,0.14800759013282733,835,339,110,39,0.7112436115843271,0.2887563884156729,0.738255033557047,0.26174496644295303,0.10317460317460317,64.57142857142857,72.0,naive_frequency,market,10,stress_q10_10d,21,36,36.0,132.3,0.08276147517462207,0.23809523809523808,-0.11673448957903879,-2.2965183637433313,0.13711339509773687,0.1126228269085412,0.024490568189195677,0.010350078597077855,0.00043890449894121213,0.09993892576766997,12,5,0.4166666666666667,7,14.0,40.0,40.0,226,5,0.9523809523809523,43.04761904761905,0.2857142857142857,1323,40,quantile,sigmoid
1323,149,0.1126228269085412,0.20874490204881294,0.4816979751437751,0.11445317792485823,1.0162520429166944,0.1793112603025123,-0.7942084020330655,0.5564644799556164,0.44855253078444596,0.546485260770975,-0.0660536271246335,0.08775137111517367,0.3221476510067114,0.13793103448275862,675,499,101,48,0.5749574105621805,0.4250425894378194,0.6778523489932886,0.3221476510067114,0.08775137111517367,95.04761904761905,104.19047619047619,logistic_elasticnet,market,10,stress_q10_10d,21,36,36.0,132.3,0.1806403394733255,0.718421224313967,-0.0454191828572784,-2.132769057551988,0.2506052398583575,0.1126228269085412,0.13798241294981628,0.08233558986301093,0.0028689753338740696,0.09993892576766997,12,9,0.75,3,24.444444444444443,40.0,40.0,290,7,1.3333333333333333,55.23809523809524,0.41345427059712775,1323,40,quantile,sigmoid
1323,149,0.1126228269085412,0.19623721264585955,0.43725918388347074,0.10277141046235175,0.9125273559845057,0.19949831223256773,-0.9962022875485521,0.6865873515149219,0.42160399254541925,0.5298563869992441,-0.10039431976668964,0.07540394973070018,0.28187919463087246,0.11898016997167139,659,515,107,42,0.561328790459966,0.4386712095400341,0.7181208053691275,0.28187919463087246,0.07540394973070018,98.0952380952381,106.0952380952381,logistic_l2,market,10,stress_q10_10d,21,36,36.0,132.3,0.21794461055918468,0.8250764849806793,-0.06006311510417141,-2.159329383003417,0.2565517825506759,0.1126228269085412,0.1439289556421347,0.10341610508010117,0.0040705760480537045,0.09993892576766997,12,9,0.75,3,29.333333333333332,40.0,40.0,304,9,1.7142857142857142,57.904761904761905,0.42101284958427815,1323,40,quantile,sigmoid
1323,149,0.1126228269085412,0.20604513452140855,0.4226329990967609,0.09085779716597597,0.8067440647690349,0.17995141192329436,-0.800613830307032,0.5876266291300264,0.4395944570847101,0.5721844293272865,-0.07886163055139322,0.08048289738430583,0.2684563758389262,0.1238390092879257,717,457,109,40,0.610732538330494,0.389267461669506,0.7315436241610739,0.2684563758389262,0.08048289738430583,87.04761904761905,94.66666666666667,random_forest,market,10,stress_q10_10d,21,36,36.0,132.3,0.1929286143044034,0.6761968501143698,-0.05410071266079029,-2.170738085617805,0.23757610966527323,0.1126228269085412,0.12495328275673204,0.08023038544932981,0.0012575649307513545,0.09993892576766997,12,10,0.8333333333333334,2,26.4,40.0,40.0,268,7,1.3333333333333333,51.04761904761905,0.37566137566137564,1323,40,quantile,sigmoid
1323,149,0.1126228269085412,0.16769845379920537,0.41513554302962397,0.10037823530644877,0.8912778879894746,0.1447933941211954,-0.44881879616956777,0.670270078263487,0.5000485919760356,0.5910808767951625,6.321722849547982e-05,0.11264822134387352,0.3825503355704698,0.17404580152671756,725,449,92,57,0.6175468483816013,0.38245315161839866,0.6174496644295302,0.3825503355704698,0.11264822134387352,85.52380952380952,96.38095238095238,hist_gradient_boosting,market,10,stress_q10_10d,21,36,36.0,132.3,0.15123444486762394,0.5263010631125866,-0.17101182212179492,-2.557102292419198,0.16871083095218503,0.1126228269085412,0.056088004043643835,0.04343633508318681,0.0008566408146901295,0.09993892576766997,12,10,0.8333333333333334,2,33.2,40.0,40.0,227,11,2.0952380952380953,43.23809523809524,0.382464096749811,1323,40,quantile,sigmoid
1323,149,0.1126228269085412,0.13493744969541868,0.48559390828121607,0.1135796058922692,1.0084954268152493,0.10992958879773705,-0.09996768479673857,0.37958542133370116,0.4864942890136401,0.6606198034769464,-0.01890222054252076,0.10317460317460317,0.26174496644295303,0.14800759013282733,835,339,110,39,0.7112436115843271,0.2887563884156729,0.738255033557047,0.26174496644295303,0.10317460317460317,64.57142857142857,72.0,naive_frequency,graph,10,stress_q10_10d,21,664,60.0,132.3,0.09249957789461963,0.23809523809523808,-0.11826387688305838,-2.2991116406947842,0.13747317620754804,0.1126228269085412,0.02485034929900684,0.010350214664522493,0.00043890449894121213,0.09993892576766997,12,5,0.4166666666666667,7,14.0,40.0,40.0,226,5,0.9523809523809523,43.04761904761905,0.2857142857142857,1323,40,quantile,sigmoid
1323,149,0.1126228269085412,0.1576454134588801,0.580033842882133,0.24956473344270613,2.2159338412395986,0.137895324006555,-0.3797959398435302,0.4585520320876715,0.552307833026537,0.5850340136054422,0.06706982592762252,0.13768115942028986,0.5100671140939598,0.21683309557774608,698,476,73,76,0.5945485519591142,0.40545144804088584,0.4899328859060403,0.5100671140939598,0.13768115942028986,90.66666666666667,105.14285714285714,logistic_elasticnet,graph,10,stress_q10_10d,21,664,60.0,132.3,0.12655132242077982,0.5388203473394004,0.25347954055471505,-1.6790784304889879,0.21194993076695567,0.1126228269085412,0.09932710385841448,0.04473285742492209,0.007039025839537894,0.09993892576766997,12,11,0.9166666666666666,1,30.636363636363637,40.0,40.0,295,11,2.0952380952380953,56.19047619047619,0.41723356009070295,1323,40,quantile,sigmoid
1323,149,0.1126228269085412,0.16928272774758468,0.56861187016224,0.18029399850791053,1.6008655035299706,0.15648583710961822,-0.5658146803919426,0.589311436500128,0.5407286509724112,0.6424792139077853,0.05447408921744736,0.1367713004484305,0.40939597315436244,0.20504201680672268,789,385,88,61,0.67206132879046,0.32793867120954,0.5906040268456376,0.40939597315436244,0.1367713004484305,73.33333333333333,84.95238095238095,logistic_l2,graph,10,stress_q10_10d,21,664,60.0,132.3,0.14974198889975032,0.6493818054833027,0.13088360950842665,-1.8326286203392408,0.21301291964253408,0.1126228269085412,0.10039009273399288,0.05872412048745479,0.0031038676534564697,0.09993892576766997,12,9,0.75,3,18.555555555555557,35.0,40.0,255,9,1.7142857142857142,48.57142857142857,0.3371126228269085,1323,40,quantile,sigmoid
1323,149,0.1126228269085412,0.24226843709599477,0.5306415284177308,0.11831089083469704,1.0505054266731824,0.15595167122229897,-0.56046975714791,0.518103015848178,0.48756617083795434,0.6417233560090703,-0.016988058356629036,0.10462287104622871,0.28859060402684567,0.15357142857142858,806,368,106,43,0.686541737649063,0.313458262350937,0.7114093959731543,0.28859060402684567,0.10462287104622871,70.0952380952381,78.28571428571429,random_forest,graph,10,stress_q10_10d,21,664,60.0,132.3,0.1472351796697418,0.6053181645877467,0.04330444930680092,-1.9848421892209007,0.2194536182338593,0.1126228269085412,0.10683079132531811,0.05991562074591302,0.003930129956409972,0.09993892576766997,12,9,0.75,3,27.555555555555557,30.0,40.0,217,8,1.5238095238095237,41.333333333333336,0.31065759637188206,1323,40,quantile,sigmoid
1323,149,0.1126228269085412,0.17200565332012713,0.5281404708276642,0.11334883980512678,1.0064464098133068,0.1354418714955748,-0.3552464213037394,0.5065793679367596,0.5105644672604416,0.6825396825396826,0.01504811524678556,0.12044817927170869,0.28859060402684567,0.16996047430830039,860,314,106,43,0.7325383304940375,0.2674616695059625,0.7114093959731543,0.28859060402684567,0.12044817927170869,59.80952380952381,68.0,hist_gradient_boosting,graph,10,stress_q10_10d,21,664,60.0,132.3,0.10207988684565422,0.5082152668826507,0.03916709465357815,-1.971858195476964,0.1494754268493712,0.1126228269085412,0.03685259994083001,0.036336220341003894,0.0013072103773763663,0.09993892576766997,12,7,0.5833333333333334,5,24.142857142857142,29.0,40.0,201,11,2.0952380952380953,38.285714285714285,0.2698412698412698,1323,40,quantile,sigmoid
1323,149,0.1126228269085412,0.13493745452896921,0.5028812183437568,0.1168257472016895,1.0373185473009074,0.10993153391725698,-0.09998714787886587,0.3795967634981135,0.4864942890136401,0.6606198034769464,-0.01890222054252076,0.10317460317460317,0.26174496644295303,0.14800759013282733,835,339,110,39,0.7112436115843271,0.2887563884156729,0.738255033557047,0.26174496644295303,0.10317460317460317,64.57142857142857,72.0,naive_frequency,combined,10,stress_q10_10d,21,700,60.0,132.3,0.08276147517462207,0.23809523809523808,-0.11673448957903879,-2.2965183637433313,0.13711339509773687,0.1126228269085412,0.024490568189195677,0.010350078597077855,0.00043890449894121213,0.09993892576766997,12,5,0.4166666666666667,7,14.0,40.0,40.0,226,5,0.9523809523809523,43.04761904761905,0.2857142857142857,1323,40,quantile,sigmoid
1323,149,0.1126228269085412,0.1784965541080595,0.6121159804717423,0.2233991792621518,1.9836047930458176,0.14990121186352154,-0.49992818826169794,0.5239988390203405,0.6098321575980701,0.6039304610733183,0.140583421943515,0.16457960644007155,0.6174496644295302,0.2598870056497175,707,467,57,92,0.6022146507666098,0.3977853492333901,0.3825503355704698,0.6174496644295302,0.16457960644007155,88.95238095238095,106.47619047619048,logistic_elasticnet,combined,10,stress_q10_10d,21,700,60.0,132.3,0.13506307123336272,0.6181526971960328,0.17528119094944491,-1.799924432457961,0.22622489637034143,0.1126228269085412,0.11360206946180024,0.05470132136045728,0.004852068971345611,0.09993892576766997,12,9,0.75,3,28.0,40.0,40.0,230,9,1.7142857142857142,43.80952380952381,0.42252456538170824,1323,40,quantile,sigmoid
1323,149,0.1126228269085412,0.2380795927657046,0.6512868298594835,0.17459875755059662,1.5502963506002638,0.1784346375297596,-0.7854368171273944,0.8328675139800481,0.5458765420806513,0.6984126984126984,0.065521575926727,0.14689265536723164,0.348993288590604,0.20675944333996024,872,302,97,52,0.7427597955706985,0.2572402044293015,0.6510067114093959,0.348993288590604,0.14689265536723164,57.523809523809526,67.42857142857143,logistic_l2,combined,10,stress_q10_10d,21,700,60.0,132.3,0.1554603789698945,0.7530200934966322,0.10948661369804916,-1.9094039942660141,0.2319532214345191,0.1126228269085412,0.1193303945259779,0.08505659104953733,0.005723371082194535,0.09993892576766997,12,9,0.75,3,22.22222222222222,28.0,40.0,148,5,0.9523809523809523,28.19047619047619,0.2675736961451247,1323,40,quantile,sigmoid
1323,149,0.1126228269085412,0.294392773364486,0.5045590706927501,0.12454964386637188,1.1059005290953692,0.154661802788913,-0.5475631902273836,0.557266147302954,0.49298560534168734,0.6825396825396826,-0.010101093724645214,0.1072463768115942,0.2483221476510067,0.14979757085020243,866,308,112,37,0.737649063032368,0.262350936967632,0.7516778523489933,0.2483221476510067,0.1072463768115942,58.666666666666664,65.71428571428571,random_forest,combined,10,stress_q10_10d,21,700,60.0,132.3,0.16439498795737767,0.5319379407980298,0.018912188409181453,-2.0211198376618107,0.21755032960749404,0.1126228269085412,0.10492750269895285,0.05840949520167414,0.004172708495627716,0.09993892576766997,12,8,0.6666666666666666,4,20.375,27.5,40.0,206,8,1.5238095238095237,39.23809523809524,0.26077097505668934,1323,40,quantile,sigmoid
1323,149,0.1126228269085412,0.1807900638361279,0.46841521557687255,0.10141233498643151,0.9004598603157643,0.14820111576121273,-0.48291683768683735,0.6612030492210993,0.5111732961366521,0.6160241874527589,0.01475394760455755,0.11889596602972399,0.37583892617449666,0.18064516129032257,759,415,93,56,0.6465076660988075,0.3534923339011925,0.6241610738255033,0.37583892617449666,0.11889596602972399,79.04761904761905,89.71428571428571,hist_gradient_boosting,combined,10,stress_q10_10d,21,700,60.0,132.3,0.12717871527538013,0.5405875985290016,-0.06126258102023504,-2.2157490914984495,0.165930928726709,0.1126228269085412,0.05330810181816781,0.048417785985849254,0.0017102564773097534,0.09993892576766997,12,10,0.8333333333333334,2,24.2,31.5,40.0,238,10,1.9047619047619047,45.333333333333336,0.35600907029478457,1323,40,quantile,sigmoid
1323,177,0.13378684807256236,0.23015873015873015,0.4798118732806815,0.13172119488206732,0.9845601176778253,0.1299478391486498,-0.12132335191536803,0.4424752785539782,0.5158399148105421,0.6991685563114135,0.025320730814850832,0.1492063492063492,0.2655367231638418,0.1910569105691057,878,268,130,47,0.7661431064572426,0.2338568935427574,0.7344632768361582,0.2655367231638418,0.1492063492063492,51.04761904761905,60.0,naive_frequency,market,20,stress_q10_20d,21,36,36.0,66.15,0.12576855331456485,0.25396825396825384,-0.18816397034918186,-2.2431541410009737,0.148067002910679,0.13378684807256236,0.014280154838116649,0.014330917726936725,0.0026308196916122626,0.11588792735537147,12,5,0.4166666666666667,7,23.2,40.0,40.0,143,4,0.7619047619047619,27.238095238095237,0.23809523809523808,1323,40,quantile,sigmoid
1323,177,0.13378684807256236,0.2542065519937784,0.34934579623549367,0.10174112100171953,0.7604717688433612,0.28903328043779947,-1.494075845808132,1.5650355397190854,0.38756026858342946,0.5555555555555556,-0.1601892671674667,0.059957173447537475,0.15819209039548024,0.08695652173913043,707,439,149,28,0.6169284467713787,0.3830715532286213,0.8418079096045198,0.15819209039548024,0.059957173447537475,83.61904761904762,88.95238095238095,logistic_elasticnet,market,20,stress_q10_20d,21,36,36.0,66.15,0.2867277619640363,0.8878256891011524,-0.12992842254270776,-2.132130409424791,0.2961284226633702,0.13378684807256236,0.16234157459080784,0.17654716183144162,0.004599545206976948,0.11588792735537147,12,8,0.6666666666666666,4,21.75,40.0,40.0,297,7,1.3333333333333333,56.57142857142857,0.3529856386999244,1323,40,quantile,sigmoid
1323,177,0.13378684807256236,0.24504337293330017,0.3052548288815926,0.10990668399703282,0.821505892249008,0.27390285724521324,-1.3635150226242931,1.3539262158645107,0.37810216819001985,0.5102040816326531,-0.16881184229697166,0.06469500924214418,0.1977401129943503,0.09749303621169916,640,506,142,35,0.5584642233856894,0.44153577661431065,0.8022598870056498,0.1977401129943503,0.06469500924214418,96.38095238095238,103.04761904761905,logistic_l2,market,20,stress_q10_20d,21,36,36.0,66.15,0.28174744916559646,0.9152663329739169,-0.1386232843071061,-2.2303833566396203,0.27635464189496833,0.13378684807256236,0.14256779382240597,0.15960867320223324,0.004700088992252941,0.11588792735537147,12,10,0.8333333333333334,2,33.7,39.5,40.0,335,8,1.5238095238095237,63.80952380952381,0.4089191232048375,1323,40,quantile,sigmoid
1323,177,0.13378684807256236,0.25268817204301075,0.34704844164423543,0.10741857937285199,0.8029083644648767,0.23219530413482745,-1.0036194402096625,1.3785650544800463,0.45457301742242734,0.6054421768707483,-0.06591494234520603,0.10161662817551963,0.24858757062146894,0.14426229508196722,757,389,133,44,0.6605584642233857,0.3394415357766143,0.751412429378531,0.24858757062146894,0.10161662817551963,74.0952380952381,82.47619047619048,random_forest,market,20,stress_q10_20d,21,36,36.0,66.15,0.2685790705207367,0.7472319727818476,-0.1453538185793548,-2.302510010812153,0.25577547307977255,0.13378684807256236,0.1219886250072102,0.1161364447184934,0.0038951648659105147,0.11588792735537147,12,9,0.75,3,17.555555555555557,37.0,40.0,238,7,1.3333333333333333,45.333333333333336,0.327286470143613,1323,40,quantile,sigmoid
1323,177,0.13378684807256236,0.25531914893617025,0.40320545054771695,0.11086109760990544,0.8286397295926831,0.18841111768205845,-0.6258045335843647,1.4778444850800383,0.4776673469991422,0.7157974300831443,-0.038663138593476275,0.1067193675889328,0.15254237288135594,0.12558139534883722,920,226,150,27,0.8027923211169284,0.19720767888307156,0.847457627118644,0.15254237288135594,0.1067193675889328,43.04761904761905,48.19047619047619,hist_gradient_boosting,market,20,stress_q10_20d,21,36,36.0,66.15,0.18727251782795576,0.7101646635078878,-0.062170766176619055,-2.2179280619881556,0.1515321444716788,0.13378684807256236,0.017745296399116428,0.07319246204665265,0.0026664206388349607,0.11588792735537147,12,7,0.5833333333333334,5,12.857142857142858,23.0,40.0,136,6,1.1428571428571428,25.904761904761905,0.1912320483749055,1323,40,quantile,sigmoid
1323,177,0.13378684807256236,0.23015873015873015,0.4616425592332949,0.1287355808189714,0.962243917646888,0.12992960584117114,-0.12116601622135081,0.4423740052593872,0.5158399148105421,0.6991685563114135,0.025320730814850832,0.1492063492063492,0.2655367231638418,0.1910569105691057,878,268,130,47,0.7661431064572426,0.2338568935427574,0.7344632768361582,0.2655367231638418,0.1492063492063492,51.04761904761905,60.0,naive_frequency,graph,20,stress_q10_20d,21,664,60.0,66.15,0.1246240860370207,0.28775658313296154,-0.1890400757563418,-2.244167918141551,0.14842678587945965,0.13378684807256236,0.01463993780689729,0.014325857683177729,0.0026308196916122626,0.11588792735537147,12,5,0.4166666666666667,7,23.2,40.0,40.0,143,4,0.7619047619047619,27.238095238095237,0.23809523809523808,1323,40,quantile,sigmoid
1323,177,0.13378684807256236,0.28171641791044777,0.4565203458849745,0.14948661614728206,1.1173491139144303,0.22878232198819462,-0.9741687267098269,0.9850142616499336,0.47016889993196676,0.5910808767951625,-0.042397712663224715,0.11440677966101695,0.3050847457627119,0.16640986132511557,728,418,123,54,0.6352530541012217,0.3647469458987784,0.6949152542372882,0.3050847457627119,0.11440677966101695,79.61904761904762,89.9047619047619,logistic_elasticnet,graph,20,stress_q10_20d,21,664,60.0,66.15,0.2474170916718101,0.7581865961817921,-0.04735369517897062,-1.973101211847949,0.2771990567053191,0.13378684807256236,0.14341220863275672,0.11424225411906774,0.0027450600531671704,0.11588792735537147,12,10,0.8333333333333334,2,30.7,34.5,40.0,221,9,1.7142857142857142,42.095238095238095,0.35676492819349964,1323,40,quantile,sigmoid
1323,177,0.13378684807256236,0.24781954453837235,0.4525985742597687,0.1501389941565748,1.1222253631025336,0.24583170338828472,-1.121288291181871,1.3102704179751026,0.49412104002129736,0.6160241874527589,-0.008462596357678879,0.1297539149888143,0.327683615819209,0.1858974358974359,757,389,119,58,0.6605584642233857,0.3394415357766143,0.672316384180791,0.327683615819209,0.1297539149888143,74.0952380952381,85.14285714285714,logistic_l2,graph,20,stress_q10_20d,21,664,60.0,66.15,0.2626126113460623,0.7889484927390222,-0.027419937794344235,-1.928196624149674,0.28100986197647704,0.13378684807256236,0.14722301390391468,0.13192906184910733,0.0029522255377998205,0.11588792735537147,12,10,0.8333333333333334,2,32.5,34.5,40.0,212,6,1.1428571428571428,40.38095238095238,0.3378684807256236,1323,40,quantile,sigmoid
1323,177,0.13378684807256236,0.25357142857142856,0.5380542491200048,0.15442721079177374,1.1542779654096986,0.16510044140528593,-0.42465608949070077,0.6081258860232772,0.5016342769248973,0.5835222978080121,0.0022844895659015433,0.134765625,0.3898305084745763,0.20029027576197386,703,443,108,69,0.6134380453752182,0.3865619546247818,0.6101694915254238,0.3898305084745763,0.134765625,84.38095238095238,97.52380952380952,random_forest,graph,20,stress_q10_20d,21,664,60.0,66.15,0.1513687210547735,0.5213210157675241,0.02772644069674464,-1.818568363606753,0.230381020323853,0.13378684807256236,0.09659417225129063,0.05846316055376705,0.009539224436962451,0.11588792735537147,12,8,0.6666666666666666,4,36.875,40.0,40.0,240,9,1.7142857142857142,45.714285714285715,0.3869992441421013,1323,40,quantile,sigmoid
1323,177,0.13378684807256236,0.264,0.4166025773754942,0.11880864054570303,0.8880442454348312,0.15633864442493528,-0.34905031087078897,0.6909917305808161,0.44816162333244597,0.6439909297052154,-0.07944291305051562,0.0893854748603352,0.1807909604519774,0.11962616822429907,820,326,145,32,0.7155322862129145,0.2844677137870855,0.8192090395480226,0.1807909604519774,0.0893854748603352,62.095238095238095,68.19047619047619,hist_gradient_boosting,graph,20,stress_q10_20d,21,664,60.0,66.15,0.1510160936204263,0.4158799232696496,-0.1441171155331436,-2.274177363201931,0.1702094721306799,0.13378684807256236,0.03642262405811755,0.04156047305387325,0.0019483931222234977,0.11588792735537147,12,6,0.5,6,35.833333333333336,40.0,40.0,212,9,1.7142857142857142,40.38095238095238,0.2705971277399849,1323,40,quantile,sigmoid
1323,177,0.13378684807256236,0.23015873015873015,0.4798118732806815,0.13172119488206732,0.9845601176778253,0.1299478391486498,-0.12132335191536803,0.4424752785539782,0.5158399148105421,0.6991685563114135,0.025320730814850832,0.1492063492063492,0.2655367231638418,0.1910569105691057,878,268,130,47,0.7661431064572426,0.2338568935427574,0.7344632768361582,0.2655367231638418,0.1492063492063492,51.04761904761905,60.0,naive_frequency,combined,20,stress_q10_20d,21,700,60.0,66.15,0.12576855331456485,0.25396825396825384,-0.18816397034918186,-2.2431541410009737,0.148067002910679,0.13378684807256236,0.014280154838116649,0.014330917726936725,0.0026308196916122626,0.11588792735537147,12,5,0.4166666666666667,7,23.2,40.0,40.0,143,4,0.7619047619047619,27.238095238095237,0.23809523809523808,1323,40,quantile,sigmoid
1323,177,0.13378684807256236,0.31037311905047116,0.5308565287267922,0.16059741305188024,1.2003976128115117,0.17255676157277744,-0.4889968740542785,0.8102811208963527,0.49051231993374156,0.6470143613000756,-0.014188853376746283,0.12628865979381443,0.2768361581920904,0.17345132743362832,807,339,128,49,0.7041884816753927,0.29581151832460734,0.7231638418079096,0.2768361581920904,0.12628865979381443,64.57142857142857,73.9047619047619,logistic_elasticnet,combined,20,stress_q10_20d,21,700,60.0,66.15,0.17269941897390775,0.5591192296585938,-0.008514273888681579,-1.893769720107815,0.2138594608230949,0.13378684807256236,0.08007261275053254,0.06071755427954615,0.003790285683833099,0.11588792735537147,12,8,0.6666666666666666,4,35.0,37.5,40.0,182,5,0.9523809523809523,34.666666666666664,0.29327286470143615,1323,40,quantile,sigmoid
1323,177,0.13378684807256236,0.2193695335705271,0.49711105195176536,0.16489579525351056,1.2325261984203078,0.17643443391733413,-0.5224574116016087,0.9187046527418314,0.4768465110775875,0.6523053665910808,-0.0352097873439477,0.11444141689373297,0.23728813559322035,0.15441176470588236,821,325,135,42,0.7164048865619547,0.2835951134380454,0.7627118644067796,0.23728813559322035,0.11444141689373297,61.904761904761905,69.9047619047619,logistic_l2,combined,20,stress_q10_20d,21,700,60.0,66.15,0.18791381705343307,0.6283151213465565,-0.008345814483698064,-1.895478857055466,0.19606200481063385,0.13378684807256236,0.06227515673807149,0.06428864574769327,0.0038563432232782756,0.11588792735537147,12,7,0.5833333333333334,5,32.714285714285715,34.0,40.0,169,5,0.9523809523809523,32.19047619047619,0.2773998488284203,1323,40,quantile,sigmoid
1323,177,0.13378684807256236,0.21428571428571463,0.4978135691819248,0.1661467377753289,1.2418764637105093,0.1875266464460958,-0.6181724078215971,0.8690911280725011,0.4882716597154435,0.5396825396825397,-0.016093002992579132,0.12758620689655173,0.4180790960451977,0.1955085865257596,640,506,103,74,0.5584642233856894,0.44153577661431065,0.5819209039548022,0.4180790960451977,0.12758620689655173,96.38095238095238,110.47619047619048,random_forest,combined,20,stress_q10_20d,21,700,60.0,66.15,0.22720689105218422,0.5402800592032565,0.06281684378258058,-1.7732203938655444,0.25852921926265515,0.13378684807256236,0.1247423711900928,0.07834762778856237,0.007383721945319024,0.11588792735537147,12,9,0.75,3,35.22222222222222,40.0,40.0,304,9,1.7142857142857142,57.904761904761905,0.4383975812547241,1323,40,quantile,sigmoid
1323,177,0.13378684807256236,0.17453324952123292,0.4179928219993887,0.11299412395222899,0.8445831976768302,0.18739199553282848,-0.6170105015183254,0.8746193561785415,0.472239477031384,0.5532879818594104,-0.03843363140904364,0.11808118081180811,0.3615819209039548,0.1780250347705146,668,478,113,64,0.5828970331588132,0.41710296684118675,0.6384180790960452,0.3615819209039548,0.11808118081180811,91.04761904761905,103.23809523809524,hist_gradient_boosting,combined,20,stress_q10_20d,21,700,60.0,66.15,0.17141456668482768,0.7012395518236482,-0.14604112157449978,-2.2563724303643893,0.1946642799436408,0.13378684807256236,0.06087743187107844,0.07357992089365165,0.004136246687371001,0.11588792735537147,12,12,1.0,0,29.75,39.0,40.0,262,9,1.7142857142857142,49.904761904761905,0.40967498110355255,1323,40,quantile,sigmoid
1323,230,0.17384731670445955,0.3888888888888889,0.4607800628505509,0.17544494412234415,1.0091898307559188,0.1696422180546274,-0.18115157279660266,0.5479780765742982,0.42932893114284576,0.6923658352229781,-0.1530763947161787,0.031746031746031744,0.02608695652173913,0.028639618138424822,910,183,224,6,0.8325709057639524,0.16742909423604757,0.9739130434782609,0.02608695652173913,0.031746031746031744,34.857142857142854,36.0,naive_frequency,market,40,stress_q10_40d,21,36,36.0,33.075,0.18794779195513994,0.39417989417989413,-0.3126736754714885,-2.123038592994023,0.18191245040095205,0.17384731670445955,0.008065133696492505,0.03136328895541345,0.007961749944257232,0.14362442717911889,11,4,0.36363636363636365,7,-15.5,-9.0,40.0,126,3,0.5714285714285714,24.0,0.14285714285714285,1323,40,quantile,none
1323,230,0.17384731670445955,0.4415467551814899,0.34479891801583196,0.12958410217259464,0.7453902920623596,0.37296305837279814,-1.5967940530593956,1.5705410093756016,0.3829388599387406,0.4965986394557823,-0.18095587436205113,0.09022556390977443,0.20869565217391303,0.12598425196850394,609,484,182,48,0.5571820677035682,0.44281793229643185,0.7913043478260869,0.20869565217391303,0.09022556390977443,92.19047619047619,101.33333333333333,logistic_elasticnet,market,40,stress_q10_40d,21,36,36.0,33.075,0.39433395424414497,0.909174285692802,-0.11721901431321728,-1.6829914092575957,0.4225739647047308,0.17384731670445955,0.24872664800027125,0.23812604678422333,0.010820409727269302,0.14362442717911889,11,7,0.6363636363636364,4,12.571428571428571,40.0,40.0,365,7,1.3333333333333333,69.52380952380952,0.4021164021164021,1323,40,quantile,none
1323,230,0.17384731670445955,0.46153846153846156,0.3284657305382076,0.12379772959673718,0.7121060706803622,0.40814601181953325,-1.8417590227219534,2.403735283057779,0.39369505549146744,0.4973544973544973,-0.16379862192524683,0.09944751381215469,0.23478260869565218,0.13971539456662355,604,489,176,54,0.5526075022872827,0.4473924977127173,0.7652173913043478,0.23478260869565218,0.09944751381215469,93.14285714285714,103.42857142857143,logistic_l2,market,40,stress_q10_40d,21,36,36.0,33.075,0.4073241529014556,0.9652492934284528,-0.1316067043392434,-1.7086690754754856,0.4411278253435173,0.17384731670445955,0.2672805086390577,0.2701273299062748,0.009204442716903214,0.14362442717911889,11,7,0.6363636363636364,4,13.714285714285714,40.0,40.0,348,7,1.3333333333333333,66.28571428571429,0.41043083900226757,1323,40,quantile,none
1323,230,0.17384731670445955,0.4158415841584143,0.29973944866542024,0.12623371807558167,0.726118300060846,0.3046234394464366,-1.1209723542815624,1.8531800945798764,0.4632284498190063,0.6122448979591837,-0.06108289310442618,0.13810741687979539,0.23478260869565218,0.17391304347826086,756,337,176,54,0.6916742909423604,0.3083257090576395,0.7652173913043478,0.23478260869565218,0.13810741687979539,64.19047619047619,74.47619047619048,random_forest,market,40,stress_q10_40d,21,36,36.0,33.075,0.3511774672853095,0.9999999,-0.13227070121449952,-2.058216549731381,0.2954236337580526,0.17384731670445955,0.12157631705359304,0.17785944953365435,0.02033197149171612,0.14362442717911889,11,7,0.6363636363636364,4,2.7142857142857144,40.0,40.0,237,9,1.7142857142857142,45.142857142857146,0.29554043839758126,1323,40,quantile,none
1323,230,0.17384731670445955,0.359375,0.2690878714348224,0.11741371575311907,0.6753841127885937,0.28438764843412023,-0.9800785564105385,2.0493541224073195,0.40075579776442977,0.5941043083900227,-0.16976856765821435,0.0676056338028169,0.10434782608695652,0.08205128205128205,762,331,206,24,0.6971637694419031,0.302836230558097,0.8956521739130435,0.10434782608695652,0.0676056338028169,63.04761904761905,67.61904761904762,hist_gradient_boosting,market,40,stress_q10_40d,21,36,36.0,33.075,0.30341767128708497,0.8819375954713,-0.17462149805302726,-2.400171686091684,0.23345887834911144,0.17384731670445955,0.059611561644651895,0.1462549759224577,0.008570333642524477,0.14362442717911889,11,8,0.7272727272727273,3,4.5,32.5,40.0,192,7,1.3333333333333333,36.57142857142857,0.26832955404383974,1323,40,quantile,none
1323,230,0.17384731670445955,0.3888888888888889,0.40075977564740045,0.16408057551418673,0.9438200061098655,0.1695826998628255,-0.18073717120092092,0.5476473159374388,0.42932893114284576,0.6923658352229781,-0.1530763947161787,0.031746031746031744,0.02608695652173913,0.028639618138424822,910,183,224,6,0.8325709057639524,0.16742909423604757,0.9739130434782609,0.02608695652173913,0.031746031746031744,34.857142857142854,36.0,naive_frequency,graph,40,stress_q10_40d,21,664,60.0,33.075,0.19750853865377282,0.39417989417989413,-0.3162288384720699,-2.1273705326255756,0.18249628304110765,0.17384731670445955,0.008648966336648106,0.031257227606433666,0.007961749944257232,0.14362442717911889,11,4,0.36363636363636365,7,-15.5,-9.0,40.0,126,3,0.5714285714285714,24.0,0.14285714285714285,1323,40,quantile,none
1323,230,0.17384731670445955,0.3491379310344842,0.5694299693703011,0.19779997390695325,1.1377798499082572,0.26351741131379053,-0.8347673615794411,1.3247528320970146,0.5932177095349854,0.6228269085411943,0.14460935081588436,0.2418426103646833,0.5478260869565217,0.3355525965379494,698,395,104,126,0.6386093321134492,0.3613906678865508,0.45217391304347826,0.5478260869565217,0.2418426103646833,75.23809523809524,99.23809523809524,logistic_elasticnet,graph,40,stress_q10_40d,21,664,60.0,33.075,0.24980490684493176,0.9198851068925373,0.03658876449664035,-1.479375600070167,0.3200642206320824,0.17384731670445955,0.14621690392762285,0.13545969352989987,0.01647374729106989,0.14362442717911889,11,9,0.8181818181818182,2,27.666666666666668,40.0,40.0,233,10,1.9047619047619047,44.38095238095238,0.3938019652305367,1323,40,quantile,none
1323,230,0.17384731670445955,0.4075500770416044,0.5971995703886392,0.21400463174077572,1.2309918599697665,0.27417836273825363,-0.9089953437817129,1.7168993913526656,0.531992123791718,0.6379440665154951,0.052126172816794956,0.20286396181384247,0.3695652173913043,0.26194144838212635,759,334,145,85,0.6944190301921317,0.30558096980786825,0.6304347826086957,0.3695652173913043,0.20286396181384247,63.61904761904762,79.80952380952381,logistic_l2,graph,40,stress_q10_40d,21,664,60.0,33.075,0.2646895854810771,0.8710546435986113,0.04203865489009349,-1.4355390442613178,0.31456180954805263,0.17384731670445955,0.14071449284359308,0.1427699974203793,0.014615987405384253,0.14362442717911889,11,8,0.7272727272727273,3,31.125,35.0,40.0,208,8,1.5238095238095237,39.61904761904762,0.3167044595616024,1323,40,quantile,none
1323,230,0.17384731670445955,0.3652173913043478,0.502044631846931,0.17249094988722885,0.9921979421774078,0.21471740078210103,-0.49499221684845907,0.6575793672792906,0.4694339472532718,0.5374149659863946,-0.04700805271866607,0.15272727272727274,0.3652173913043478,0.2153846153846154,627,466,146,84,0.5736505032021958,0.4263494967978042,0.6347826086956522,0.3652173913043478,0.15272727272727274,88.76190476190476,104.76190476190476,random_forest,graph,40,stress_q10_40d,21,664,60.0,33.075,0.22146137761331194,0.5849553077822625,0.07817473140064872,-1.4540350297530642,0.3271305731643834,0.17384731670445955,0.15328325645992383,0.07333194665573775,0.004185622378598854,0.14362442717911889,11,8,0.7272727272727273,3,26.875,32.5,40.0,300,9,1.7142857142857142,57.142857142857146,0.41572184429327286,1323,40,quantile,none
1323,230,0.17384731670445955,0.4137615855266155,0.49115318827320104,0.1632947444004096,0.9392997688771388,0.24310467312010767,-0.6926415505694139,1.0472299546954735,0.4740900592704562,0.6386999244142101,-0.044522544007266344,0.1457142857142857,0.2217391304347826,0.17586206896551723,794,299,179,51,0.7264409881061299,0.2735590118938701,0.7782608695652173,0.2217391304347826,0.1457142857142857,56.95238095238095,66.66666666666667,hist_gradient_boosting,graph,40,stress_q10_40d,21,664,60.0,33.075,0.24207166365588412,0.7861244639733356,0.012460007401075024,-1.519769444088196,0.2590729010288598,0.17384731670445955,0.08522558432440028,0.10182258266698808,0.0024748500827378355,0.14362442717911889,11,9,0.8181818181818182,2,24.444444444444443,40.0,40.0,195,11,2.0952380952380953,37.142857142857146,0.26455026455026454,1323,40,quantile,none
1323,230,0.17384731670445955,0.3888888888888889,0.4607800628505509,0.17544494412234415,1.0091898307559188,0.1696422180546274,-0.18115157279660266,0.5479780765742982,0.42932893114284576,0.6923658352229781,-0.1530763947161787,0.031746031746031744,0.02608695652173913,0.028639618138424822,910,183,224,6,0.8325709057639524,0.16742909423604757,0.9739130434782609,0.02608695652173913,0.031746031746031744,34.857142857142854,36.0,naive_frequency,combined,40,stress_q10_40d,21,700,60.0,33.075,0.18794779195513994,0.39417989417989413,-0.3126736754714885,-2.123038592994023,0.18191245040095205,0.17384731670445955,0.008065133696492505,0.03136328895541345,0.007961749944257232,0.14362442717911889,11,4,0.36363636363636365,7,-15.5,-9.0,40.0,126,3,0.5714285714285714,24.0,0.14285714285714285,1323,40,quantile,none
1323,230,0.17384731670445955,0.5,0.4893173952822307,0.16241897323992655,0.9342621808540124,0.35617986451313005,-1.4799393216651517,2.0243866943205138,0.43796292613071325,0.544973544973545,-0.09705404801892498,0.12650602409638553,0.27391304347826084,0.17307692307692307,658,435,167,63,0.6020128087831657,0.3979871912168344,0.7260869565217392,0.27391304347826084,0.12650602409638553,82.85714285714286,94.85714285714286,logistic_elasticnet,combined,40,stress_q10_40d,21,700,60.0,33.075,0.3479180116721924,0.9018818429965381,0.002348520591163732,-1.5546267825192515,0.39147176536316375,0.17384731670445955,0.2176244486587042,0.22086816260130485,0.008204491659207124,0.14362442717911889,11,7,0.6363636363636364,4,38.57142857142857,40.0,40.0,240,9,1.7142857142857142,45.714285714285715,0.3764172335600907,1323,40,quantile,none
1323,230,0.17384731670445955,0.4,0.4786745693941684,0.17465430891505737,1.00464195954183,0.35592738842620775,-1.4781814306720866,2.6549982640145386,0.43453001312701384,0.544973544973545,-0.10259011313603776,0.12348178137651822,0.26521739130434785,0.1685082872928177,660,433,169,61,0.6038426349496798,0.39615736505032023,0.7347826086956522,0.26521739130434785,0.12348178137651822,82.47619047619048,94.0952380952381,logistic_l2,combined,40,stress_q10_40d,21,700,60.0,33.075,0.34463759442283826,0.9172833610275237,-0.011241926402386948,-1.5865967161807186,0.3699285104072427,0.17384731670445955,0.19608119370278318,0.21813903907810003,0.0076521562017781404,0.14362442717911889,11,8,0.7272727272727273,3,22.125,40.0,40.0,255,9,1.7142857142857142,48.57142857142857,0.37339380196523053,1323,40,quantile,none
1323,230,0.17384731670445955,0.4259156232313345,0.48480050916902023,0.16584434094951342,0.9539654916356795,0.23961018007868704,-0.6683107796131438,1.0471751635573854,0.47272564541151196,0.6137566137566137,-0.04504390600820536,0.14786967418546365,0.2565217391304348,0.1875993640699523,753,340,171,59,0.6889295516925892,0.3110704483074108,0.7434782608695653,0.2565217391304348,0.14786967418546365,64.76190476190476,76.0,random_forest,combined,40,stress_q10_40d,21,700,60.0,33.075,0.24580163702147279,0.7288113335456818,0.02354800009679339,-1.528240390162843,0.3171875336491646,0.17384731670445955,0.14334021694470503,0.10153237779848821,0.004375490076431724,0.14362442717911889,11,10,0.9090909090909091,1,4.9,14.5,40.0,233,10,1.9047619047619047,44.38095238095238,0.30158730158730157,1323,40,quantile,none
1323,230,0.17384731670445955,0.4838709677419355,0.4024384422610287,0.1449943531993901,0.834032736012144,0.30174671950111115,-1.1009428927071898,1.4956814376284926,0.37649866740920485,0.5880574452003023,-0.21442639295985613,0.035398230088495575,0.05217391304347826,0.0421792618629174,766,327,218,12,0.7008234217749314,0.2991765782250686,0.9478260869565217,0.05217391304347826,0.035398230088495575,62.285714285714285,64.57142857142857,hist_gradient_boosting,combined,40,stress_q10_40d,21,700,60.0,33.075,0.30358266366639824,0.9034740703688162,-0.028141384804909606,-1.641964838059338,0.2736757625926297,0.17384731670445955,0.09982844588817016,0.17217485807799865,0.015405009710047428,0.14362442717911889,11,7,0.6363636363636364,4,21.571428571428573,33.0,40.0,219,7,1.3333333333333333,41.714285714285715,0.2562358276643991,1323,40,quantile,none
