,rank_ic
2015-12-16,-0.10882352941176471
2015-12-17,-0.3205882352941176
2015-12-18,-0.19411764705882353
2015-12-21,-0.21470588235294116
2015-12-22,-0.2088235294117647
2015-12-23,-0.15588235294117647
2015-12-24,-0.09705882352941177
2015-12-25,0.055882352941176466
2015-12-28,0.0
2015-12-29,-0.19117647058823528
2015-12-30,-0.16764705882352943
2015-12-31,-0.28823529411764703
2016-01-04,-0.5588235294117647
2016-01-05,-0.29705882352941176
2016-01-06,-0.3323529411764706
2016-01-07,-0.5470588235294118
2016-01-08,-0.11470588235294117
2016-01-11,-0.07058823529411765
2016-01-12,-0.03529411764705882
2016-01-13,0.02058823529411765
2016-01-14,-0.2411764705882353
2016-01-15,-0.37058823529411766
2016-01-18,-0.14411764705882352
2016-01-19,-0.055882352941176466
2016-01-20,-0.1264705882352941
2016-01-21,0.19411764705882353
2016-01-22,0.4588235294117647
2016-01-25,0.3852941176470588
2016-01-26,0.09117647058823529
2016-01-27,0.12352941176470587
2016-01-28,0.3941176470588235
2016-01-29,0.11176470588235293
2016-02-01,0.2088235294117647
2016-02-02,0.08529411764705883
2016-02-03,0.02941176470588235
2016-02-04,0.22941176470588234
2016-02-05,0.25459903875752504
2016-02-15,0.2588235294117647
2016-02-16,0.11470588235294117
2016-02-17,0.18823529411764706
2016-02-18,0.31764705882352945
2016-02-19,0.19278886749847268
2016-02-22,0.10294117647058824
2016-02-23,0.005899730683441311
2016-02-24,-0.032352941176470584
2016-02-25,-0.055882352941176466
2016-02-26,-0.049999999999999996
2016-02-29,-0.3
2016-03-01,-0.1411764705882353
2016-03-02,-0.3764705882352941
2016-03-03,-0.42352941176470593
2016-03-04,-0.4676470588235294
2016-03-07,-0.5411764705882353
2016-03-08,-0.28823529411764703
2016-03-09,0.008823529411764706
2016-03-10,-0.13529411764705881
2016-03-11,-0.4176470588235294
2016-03-14,-0.17352941176470588
2016-03-15,-0.3764705882352941
2016-03-16,-0.22352941176470587
2016-03-17,-0.2029411764705882
2016-03-18,-0.17941176470588235
2016-03-21,-0.10882352941176471
2016-06-22,0.4558823529411765
2016-06-23,0.3147058823529411
2016-06-24,0.43267119881336624
2016-06-27,0.18235294117647058
2016-06-28,0.34411764705882353
2016-06-29,0.2676470588235294
2016-06-30,0.31764705882352945
2016-07-01,0.28908680348862426
2016-07-04,0.2911764705882353
2016-07-05,0.3
2016-07-06,0.2088235294117647
2016-07-07,0.3323529411764706
2016-07-08,0.4705882352941176
2016-07-11,0.3119941977837879
2016-07-12,0.2823529411764706
2016-07-13,0.2323529411764706
2016-07-14,0.5294117647058824
2016-07-15,0.42352941176470593
2016-07-18,0.37058823529411766
2016-07-19,0.36176470588235293
2016-07-20,0.3941176470588235
2016-07-21,0.3764705882352941
2016-07-22,-0.1323529411764706
2016-07-25,-0.011764705882352941
2016-07-26,0.2441176470588235
2016-07-27,0.23823529411764705
2016-07-28,0.07058823529411765
2016-07-29,0.36764705882352944
2016-08-01,0.4588235294117647
2016-08-02,0.2029411764705882
2016-08-03,0.3911764705882353
2016-08-04,0.26176470588235295
2016-08-05,0.30882352941176466
2016-08-08,0.3970588235294118
2016-08-09,0.4794117647058824
2016-08-10,0.18543051377715697
2016-08-11,0.19705882352941176
2016-08-12,-0.0029411764705882353
2016-08-15,0.0823529411764706
2016-08-16,0.1250920132623678
2016-08-17,0.14411764705882352
2016-08-18,0.22941176470588234
2016-08-19,-0.032352941176470584
2016-08-22,-0.12352941176470587
2016-08-23,0.13823529411764704
2016-08-24,-0.09411764705882353
2016-08-25,-0.12352941176470587
2016-08-26,-0.16176470588235295
2016-08-29,-0.09117647058823529
2016-08-30,0.2647058823529412
2016-08-31,-0.01764705882352941
2016-09-01,-0.2029411764705882
2016-09-05,-0.2088235294117647
2016-09-06,-0.2088235294117647
2016-09-07,-0.055882352941176466
2016-09-08,-0.16176470588235295
2016-09-09,-0.014705882352941175
2016-09-12,-0.047058823529411764
2016-09-13,-0.05294117647058824
2016-09-14,-0.02941176470588235
2016-09-15,-0.0058823529411764705
2016-09-16,0.3382352941176471
2016-09-19,0.1647058823529412
2016-12-16,0.6593137254901962
2016-12-19,0.4852941176470589
2016-12-20,0.31617647058823534
2016-12-21,0.26960784313725494
2016-12-22,0.3504901960784314
2016-12-23,0.34068627450980393
2016-12-26,0.2622549019607843
2016-12-27,0.28186274509803927
2016-12-28,0.31127450980392163
2016-12-29,0.09068627450980393
2016-12-30,0.03676470588235294
2017-01-03,0.056372549019607844
2017-01-04,0.014705882352941176
2017-01-05,0.07107843137254903
2017-01-06,0.04411764705882353
2017-01-09,-0.09391124871001032
2017-01-10,0.029927760577915376
2017-01-11,-0.11248710010319916
2017-01-12,-0.09803921568627451
2017-01-13,-0.1475748194014448
2017-01-16,0.1475748194014448
2017-01-17,-0.12074303405572755
2017-01-18,-0.06707946336429307
2017-01-19,-0.05056759545923632
2017-01-20,0.23426212590299278
2017-01-23,0.27052146093444257
2017-01-24,0.054695562435500514
2017-01-25,0.04850361197110423
2017-02-02,0.32507739938080493
2017-02-03,0.4055727554179567
2017-02-06,0.5562435500515995
2017-02-07,0.4757481940144479
2017-02-08,0.4613003095975232
2017-02-09,0.5954592363261093
2017-02-10,0.32507739938080493
2017-02-13,0.17440660474716205
2017-02-14,0.06917915222369332
2017-02-15,-0.09292721940496118
2017-02-16,0.15376676986584106
2017-02-17,0.07327141382868937
2017-02-20,0.038183694530443756
2017-02-21,0.11455108359133126
2017-02-22,-0.025799793601651185
2017-02-23,0.0010319917440660476
2017-02-24,-0.37254901960784315
2017-02-27,-0.4303405572755417
2017-02-28,-0.3614035087719299
2017-03-01,-0.4122807017543859
2017-03-02,-0.4508771929824561
2017-03-03,-0.4
2017-03-06,-0.5087719298245614
2017-03-07,-0.5596491228070175
2017-03-08,-0.4350877192982456
2017-03-09,-0.5157894736842105
2017-03-10,-0.519298245614035
2017-03-13,-0.4859649122807017
2017-03-14,-0.5140350877192983
2017-03-15,-0.3929824561403509
2017-03-16,-0.343859649122807
2017-03-17,-0.32631578947368417
2017-03-20,-0.4122807017543859
2017-03-21,-0.4982456140350877
2017-03-22,-0.40175438596491225
2017-06-23,-0.2827067669172932
2017-06-26,-0.22406015037593985
2017-06-27,-0.13233082706766916
2017-06-28,-0.1263157894736842
2017-06-29,-0.06165413533834586
2017-06-30,-0.1518796992481203
2017-07-03,-0.34586466165413526
2017-07-04,-0.2796992481203007
2017-07-05,-0.10676691729323308
2017-07-06,-0.13684210526315788
2017-07-07,0.08421052631578946
2017-07-10,0.20902255639097742
2017-07-11,0.08721804511278194
2017-07-12,0.05263157894736842
2017-07-13,-0.045112781954887216
2017-07-14,-0.05714285714285714
2017-07-17,-0.10526315789473684
2017-07-18,-0.016541353383458645
2017-07-19,0.07220760194733451
2017-07-20,0.16992481203007515
2017-07-21,0.12561114088755065
2017-07-24,0.24060150375939846
2017-07-25,0.04962406015037594
2017-07-26,0.21954887218045113
2017-07-27,0.22105263157894736
2017-07-28,0.23458646616541348
2017-07-31,0.31127819548872177
2017-08-01,0.4240601503759398
2017-08-02,0.2857142857142857
2017-08-03,0.1533834586466165
2017-08-04,0.15488721804511277
2017-08-07,0.2781954887218045
2017-08-08,0.16992481203007515
2017-08-09,0.08270676691729321
2017-08-10,0.051127819548872175
2017-08-11,-0.015037593984962403
2017-08-14,0.21654135338345865
2017-08-15,0.30977443609022554
2017-08-16,0.38345864661654133
2017-08-17,0.27792207792207796
2017-08-18,0.24025974025974026
2017-08-21,0.07012987012987014
2017-08-22,0.17142857142857143
2017-08-23,0.12207792207792208
2017-08-24,0.15454545454545454
2017-08-25,-0.11038961038961038
2017-08-28,-0.15974025974025974
2017-08-29,-0.13116883116883118
2017-08-30,-0.09480519480519481
2017-08-31,-0.1987012987012987
2017-09-01,-0.12987012987012986
2017-09-05,-0.13896103896103898
2017-09-06,-0.05584415584415584
2017-09-07,0.13376623376623376
2017-09-08,0.22077922077922077
2017-09-11,0.09220779220779221
2017-09-12,0.13246753246753248
2017-09-13,0.22727272727272727
2017-09-14,0.2532467532467532
2017-09-15,0.2806106026529605
2017-09-18,0.2025974025974026
2017-09-19,0.348051948051948
2017-09-20,0.4246753246753247
2017-12-19,-0.14624505928853757
2017-12-20,-0.12450592885375496
2017-12-21,-0.07114624505928854
2017-12-22,-0.03656126482213439
2017-12-25,-0.06422924901185771
2017-12-26,-0.003952569169960474
2017-12-27,0.10968379446640317
2017-12-28,0.05632411067193676
2017-12-29,-0.0899209486166008
2018-01-02,-0.10671936758893281
2018-01-03,-0.03754940711462451
2018-01-04,-0.07707509881422926
2018-01-05,0.1643478260869565
2018-01-08,0.2669565217391304
2018-01-09,0.24695652173913044
2018-01-10,0.22434782608695653
2018-01-11,0.3078260869565217
2018-01-12,0.17565217391304347
2018-01-15,0.2478260869565217
2018-01-16,0.31652173913043474
2018-01-17,0.3347826086956522
2018-01-18,0.497391304347826
2018-01-19,0.20608695652173914
2018-01-22,0.2626086956521739
2018-01-25,0.34695652173913033
2018-01-26,0.4730434782608695
2018-01-29,0.27999999999999997
2018-01-30,0.2669565217391304
2018-01-31,0.368695652173913
2018-02-01,0.38608695652173913
2018-02-02,0.48869565217391303
2018-02-05,0.32608695652173914
2018-02-06,0.18608695652173912
2018-02-07,0.19304347826086957
2018-02-08,0.2582608695652174
2018-02-09,0.248695652173913
2018-02-12,0.19391304347826085
2018-02-13,0.18
2018-02-21,0.17076923076923078
2018-02-22,0.2230769230769231
2018-02-23,0.1815384615384615
2018-02-26,0.17541835292756178
2018-02-27,0.09923076923076923
2018-02-28,0.043076923076923075
2018-03-01,0.09307692307692307
2018-03-02,0.08923076923076922
2018-03-05,0.3823076923076923
2018-03-06,0.44538461538461543
2018-03-07,0.4461538461538462
2018-03-08,0.31384615384615383
2018-03-09,0.43999999999999995
2018-03-12,0.3276923076923077
2018-03-13,0.29846153846153844
2018-03-14,0.16153846153846155
2018-03-15,0.12846153846153846
2018-03-16,-0.09307692307692307
2018-03-19,-0.1323076923076923
2018-03-20,0.013846153846153848
2018-03-21,0.008547008547008546
2018-03-22,0.09538461538461539
2018-03-23,0.06598290598290597
2018-03-26,-0.14119658119658116
2018-03-27,-0.11316239316239315
2018-06-28,0.024630541871921176
2018-06-29,-0.01699716726773648
2018-07-02,0.18669950738916252
2018-07-03,0.23399014778325114
2018-07-04,0.006403940886699506
2018-07-05,0.18128078817733986
2018-07-06,-0.14285714285714282
2018-07-09,-0.2029556650246305
2018-07-10,-0.3453201970443349
2018-07-11,-0.09753694581280786
2018-07-12,-0.21921182266009848
2018-07-13,-0.27586206896551724
2018-07-16,-0.21280788177339893
2018-07-17,-0.19162561576354678
2018-07-18,-0.31034482758620685
2018-07-19,-0.20788177339901473
2018-07-20,-0.11674876847290637
2018-07-23,-0.1403940886699507
2018-07-24,-0.15862068965517237
2018-07-25,-0.028078817733990142
2018-07-26,0.029067619385404423
2018-07-27,0.07044334975369455
2018-07-30,0.180295566502463
2018-07-31,0.2275862068965517
2018-08-01,0.32758620689655166
2018-08-02,0.19014778325123147
2018-08-03,0.18275862068965515
2018-08-06,0.2684729064039408
2018-08-07,0.2285714285714285
2018-08-08,0.2945812807881773
2018-08-09,0.43201970443349746
2018-08-10,0.402463054187192
2018-08-13,0.4177339901477831
2018-08-14,0.4463054187192117
2018-08-15,0.5596059113300491
2018-08-16,0.3886699507389162
2018-08-17,0.2926468799140716
2018-08-20,0.4379849768410937
2018-08-21,0.2285714285714285
2018-08-22,0.3684729064039408
2018-08-23,0.1719211822660098
2018-08-24,0.13004926108374382
2018-08-27,0.09950738916256155
2018-08-28,-0.002955665024630541
2018-08-29,0.026108374384236445
2018-08-30,-0.08522167487684727
2018-08-31,-0.12068965517241378
2018-09-04,-0.06157635467980294
2018-09-05,-0.112807881773399
2018-09-06,-0.009359605911330046
2018-09-07,-0.06945812807881772
2018-09-10,-0.17487684729064035
2018-09-11,-0.19408866995073887
2018-09-12,-0.27586206896551724
2018-09-13,-0.4172413793103448
2018-09-14,-0.3226600985221674
2018-09-17,-0.30935960591132994
2018-09-18,-0.4064039408866994
2018-09-19,-0.40098522167487677
2018-09-20,-0.31674876847290634
2018-09-21,-0.3009852216748768
2018-09-24,-0.3039408866995073
2018-09-25,-0.2955665024630541
2018-12-24,-0.07661042058356589
2018-12-25,-0.1527093596059113
2018-12-26,0.029313955142907848
2018-12-27,-0.06847290640394087
2018-12-28,-0.15615763546798028
2019-01-02,-0.05763546798029554
2019-01-03,0.10985221674876844
2019-01-04,-0.04137931034482758
2019-01-07,-0.004926108374384235
2019-01-08,-0.08620689655172412
2019-01-09,0.12216748768472901
2019-01-10,0.13891625615763545
2019-01-11,0.25665024630541866
2019-01-14,0.1320197044334975
2019-01-15,0.29166153688405794
2019-01-16,0.33990147783251223
2019-01-17,0.3325123152709359
2019-01-18,0.4635467980295565
2019-01-21,0.473399014778325
2019-01-22,0.5660098522167486
2019-01-23,0.4261083743842364
2019-01-24,0.0625615763546798
2019-01-25,-0.029556650246305414
2019-01-28,0.11822660098522166
2019-01-29,-0.1532019704433497
2019-01-30,-0.2448275862068965
2019-01-31,-0.1650246305418719
2019-02-01,-0.26009852216748763
2019-02-11,-0.37389162561576345
2019-02-12,-0.13251231527093593
2019-02-13,-0.10492610837438422
2019-02-14,-0.0605985963458431
2019-02-15,-0.29999999999999993
2019-02-18,-0.05418719211822659
2019-02-19,-0.18226600985221672
2019-02-20,-0.2389162561576354
2019-02-21,-0.27959108476639
2019-02-22,-0.34363838171728106
2019-02-25,-0.41133004926108363
2019-02-26,-0.396551724137931
2019-02-27,-0.23993102780833817
2019-02-28,-0.2665024630541871
2019-03-01,-0.2817733990147782
2019-03-04,-0.2871921182266009
2019-03-05,-0.11527093596059108
2019-03-06,-0.13011337213574437
2019-03-07,-0.10246305418719209
2019-03-08,0.05763546798029554
2019-03-11,0.13743842364532016
2019-03-12,0.10738916256157634
2019-03-13,-0.12216748768472901
2019-03-14,-0.050738916256157625
2019-03-15,0.2256435538731394
2019-03-18,-0.029064039408866992
2019-03-19,0.07733990147783248
2019-03-20,0.1571428571428571
2019-03-21,0.13940886699507385
2019-03-22,-0.05763546798029554
2019-03-25,0.14558443268452553
2019-03-26,0.3325123152709359
2019-03-27,0.3270935960591132
2019-03-28,0.4142857142857142
2019-03-29,0.2655172413793103
2019-07-03,0.225615763546798
2019-07-04,0.20492610837438419
2019-07-05,0.27195467628378367
2019-07-08,0.19458128078817727
2019-07-09,0.1886699507389162
2019-07-10,0.17536945812807878
2019-07-11,0.11133004926108372
2019-07-12,0.1615763546798029
2019-07-15,0.21379310344827585
2019-07-16,0.112807881773399
2019-07-17,0.01773399014778325
2019-07-18,0.13011337213574437
2019-07-19,0.13103448275862067
2019-07-22,0.14581280788177337
2019-07-23,0.11379310344827585
2019-07-24,0.16403940886699503
2019-07-25,0.25369458128078815
2019-07-26,0.2699507389162561
2019-07-29,0.22463054187192114
2019-07-30,0.24187192118226594
2019-07-31,0.3142857142857142
2019-08-01,0.28128078817733987
2019-08-02,0.4270935960591132
2019-08-05,0.5778325123152708
2019-08-06,0.4950738916256156
2019-08-07,0.40492610837438414
2019-08-08,0.34039408866995063
2019-08-09,0.5778325123152708
2019-08-12,0.4999999999999999
2019-08-13,0.4793103448275861
2019-08-14,0.5960591133004925
2019-08-15,0.22194851751058794
2019-08-16,0.3408866995073891
2019-08-19,0.3408866995073891
2019-08-20,0.20197044334975364
2019-08-21,0.3128078817733989
2019-08-22,0.32118226600985217
2019-08-23,0.26256157635467975
2019-08-26,0.393103448275862
2019-08-27,0.34285714285714275
2019-08-28,0.44088669950738907
2019-08-29,0.45566502463054176
2019-08-30,0.40689655172413786
2019-09-03,0.2073891625615763
2019-09-04,0.4453201970443349
2019-09-05,0.4522167487684728
2019-09-06,0.3748768472906403
2019-09-09,0.351231527093596
2019-09-10,0.31379310344827577
2019-09-11,0.4226600985221674
2019-09-12,0.37142857142857133
2019-09-13,0.4236453201970442
2019-09-16,0.30935960591132994
2019-09-17,0.34187192118226595
2019-09-18,0.41576354679802946
2019-09-19,0.3854115795839094
2019-09-20,0.4241379310344827
2019-09-23,0.4737036616790907
2019-09-24,0.44433497536945804
2019-09-25,0.4419263489611486
2019-09-26,0.43004926108374375
2019-09-27,0.3869934750378843
2019-09-30,0.3472906403940886
2019-12-27,-0.18965517241379307
2019-12-30,-0.267487684729064
2019-12-31,-0.25665024630541866
2020-01-02,-0.022167487684729058
2020-01-03,-0.1133004926108374
2020-01-06,-0.10394088669950736
2020-01-07,-0.17438423645320195
2020-01-08,-0.12857142857142856
2020-01-09,-0.044334975369458116
2020-01-10,-0.09162561576354677
2020-01-13,-0.15665024630541868
2020-01-14,-0.028078817733990142
2020-01-15,0.038423645320197035
2020-01-16,0.05763546798029554
2020-01-17,-0.06551724137931034
2020-01-20,-0.1576354679802955
2020-01-21,0.045320197044334966
2020-01-22,-0.00985343030013709
2020-01-30,0.038423645320197035
2020-01-31,-0.20591133004926104
2020-02-03,-0.2871921182266009
2020-02-04,-0.12168986420669307
2020-02-05,-0.17783251231527092
2020-02-06,-0.07733990147783248
2020-02-07,0.00689655172413793
2020-02-10,0.044827586206896544
2020-02-11,-0.011330049261083741
2020-02-12,0.10443349753694578
2020-02-13,0.11133004926108372
2020-02-14,0.15123152709359602
2020-02-17,0.00689655172413793
2020-02-18,-0.07487684729064037
2020-02-19,-0.014778325123152707
2020-02-20,-0.04729064039408866
2020-02-21,0.1004926108374384
2020-02-24,0.07487684729064037
2020-02-25,-0.007881773399014776
2020-02-26,-0.06650246305418718
2020-02-27,-0.026108374384236445
2020-02-28,-0.11921182266009848
2020-03-02,-0.06798029556650244
2020-03-03,-0.22512315270935954
2020-03-04,-0.3359605911330048
2020-03-05,-0.247783251231527
2020-03-06,-0.11921182266009848
2020-03-09,-0.125615763546798
2020-03-10,0.06354679802955664
2020-03-11,0.06354679802955664
2020-03-12,0.28275862068965507
2020-03-13,0.17142857142857137
2020-03-16,0.15862068965517237
2020-03-17,0.16403940886699503
2020-03-18,0.16206896551724134
2020-03-19,0.26909811055347127
2020-03-20,0.2389162561576354
2020-03-23,0.20788177339901473
2020-03-24,0.180295566502463
2020-03-25,0.044334975369458116
2020-03-26,-0.16650246305418717
2020-03-27,-0.015763546798029552
2020-03-30,0.05763546798029554
2020-03-31,0.16995073891625612
2020-04-01,0.043842364532019694
2020-07-03,0.10001231754639149
2020-07-06,0.15812807881773394
2020-07-07,0.3502463054187191
2020-07-08,0.32216748768472897
2020-07-09,0.19802955665024624
2020-07-10,0.2379310344827586
2020-07-13,0.009359605911330046
2020-07-14,0.07733990147783248
2020-07-15,0.0251231527093596
2020-07-16,0.0167487684729064
2020-07-17,0.07142857142857141
2020-07-20,0.1172413793103448
2020-07-21,0.2832512315270935
2020-07-22,0.23201970443349748
2020-07-23,0.28919817930902364
2020-07-24,0.2689655172413793
2020-07-27,0.3009852216748768
2020-07-28,0.28571428571428564
2020-07-29,0.32216748768472897
2020-07-30,0.30935960591132994
2020-07-31,0.34926108374384224
2020-08-03,0.35221674876847286
2020-08-04,0.22266009852216745
2020-08-05,0.180295566502463
2020-08-06,0.1004926108374384
2020-08-07,-0.0004926108374384235
2020-08-10,0.14384236453201968
2020-08-11,0.01822660098522167
2020-08-12,-0.08325123152709359
2020-08-13,0.004433497536945812
2020-08-14,-0.018719211822660092
2020-08-17,-0.05960591133004924
2020-08-18,-0.00985221674876847
2020-08-19,0.05221674876847289
2020-08-20,-0.0024630541871921174
2020-08-21,0.043842364532019694
2020-08-24,0.06009852216748767
2020-08-25,-0.08325123152709359
2020-08-26,0.2428571428571428
2020-08-27,0.042857142857142844
2020-08-28,0.11231527093596057
2020-08-31,0.1172413793103448
2020-09-01,0.06798029556650244
2020-09-03,0.0669950738916256
2020-09-04,0.3394088669950738
2020-09-07,0.3438423645320196
2020-09-08,0.15123152709359602
2020-09-09,0.16699507389162557
2020-09-10,0.24039408866995068
2020-09-11,0.20443349753694576
2020-09-14,0.1990147783251231
2020-09-15,0.11379310344827585
2020-09-16,0.08423645320197042
2020-09-17,0.05369458128078817
2020-09-18,0.18374384236453198
2020-09-21,0.1733990147783251
2020-09-22,0.21477832512315267
2020-09-23,0.3231527093596058
2020-09-24,0.31576354679802954
2020-09-25,0.31724137931034474
2020-09-28,0.36453201970443344
2020-09-29,0.3760262725779967
2020-09-30,0.2775041050903119
2020-12-29,0.012315270935960588
2020-12-30,-0.0586206896551724
2020-12-31,0.05270935960591132
2021-01-04,-0.070935960591133
2021-01-05,0.04630541871921181
2021-01-06,-0.15812807881773394
2021-01-07,-0.019211822660098517
2021-01-08,0.024630541871921176
2021-01-11,0.033004926108374376
2021-01-12,0.06847290640394087
2021-01-13,0.05320197044334973
2021-01-14,-0.08866995073891623
2021-01-15,0.044334975369458116
2021-01-18,0.3034482758620689
2021-01-19,0.3866995073891625
2021-01-20,0.43891625615763535
2021-01-21,0.39014778325123145
2021-01-22,0.24827586206896549
2021-01-25,0.28472906403940884
2021-01-26,0.27093596059113295
2021-01-27,0.36896551724137927
2021-01-28,0.37339901477832504
2021-01-29,-0.022167487684729058
2021-02-01,0.034482758620689655
2021-02-02,-0.09999999999999998
2021-02-03,0.13940886699507385
2021-02-04,0.13940886699507385
2021-02-05,-0.050738916256157625
2021-02-08,0.004926108374384235
2021-02-09,0.10197044334975366
2021-02-17,0.12266009852216746
2021-02-18,0.12315270935960589
2021-02-19,0.38571428571428557
2021-02-22,0.3837438423645319
2021-02-23,0.3911330049261083
2021-02-24,0.4197044334975369
2021-02-25,0.44433497536945804
2021-02-26,0.42906403940886684
2021-03-01,0.23004926108374377
2021-03-02,0.22216748768472902
2021-03-03,0.20544402175785836
2021-03-04,0.4123152709359605
2021-03-05,0.29211822660098513
2021-03-08,0.3266009852216748
2021-03-09,0.15123152709359602
2021-03-10,0.11970443349753691
2021-03-11,0.40935960591132997
2021-03-12,0.36798029556650236
2021-03-15,0.3073891625615763
2021-03-16,0.22315270935960585
2021-03-17,0.17487684729064035
2021-03-18,0.19359605911330044
2021-03-19,0.025615763546798023
2021-03-22,0.31083743842364525
2021-03-23,0.2743842364532019
2021-03-24,0.1581757508342603
2021-03-25,0.26896551724137935
2021-03-26,0.432258064516129
2021-03-29,0.40289210233592887
2021-03-30,0.3512791991101224
2021-03-31,0.49365962180200224
2021-04-01,0.6480533926585095
2021-04-02,0.667630700778643
2021-07-06,0.29744160177975526
2021-07-07,0.21735261401557288
2021-07-08,0.36551724137931035
2021-07-09,0.020244716351501667
2021-07-12,0.0896551724137931
2021-07-13,-0.17508342602892102
2021-07-14,0.11813125695216908
2021-07-15,0.024249165739710785
2021-07-16,0.056729699666295874
2021-07-19,0.08476084538375972
2021-07-20,0.16129032258064516
2021-07-21,0.26629588431590656
2021-07-22,0.14260289210233593
2021-07-23,0.18131256952169075
2021-07-26,0.10567296996662959
2021-07-27,0.18531701890989988
2021-07-28,0.13726362625139044
2021-07-29,-0.0896551724137931
2021-07-30,-0.0424916573971079
2021-08-02,0.023359288097886538
2021-08-03,-0.10522803114571745
2021-08-04,-0.08520578420467186
2021-08-05,-0.04471635150166852
2021-08-06,0.029588431590656286
2021-08-09,0.1350389321468298
2021-08-10,0.1096774193548387
2021-08-11,0.04471635150166852
2021-08-12,0.034482758620689655
2021-08-13,0.034037819799777526
2021-08-16,-0.053170189098998885
2021-08-17,-0.058064516129032254
2021-08-18,-0.005561735261401557
2021-08-19,0.0135706340378198
2021-08-20,-0.059844271412680755
2021-08-23,0.05406006674082313
2021-08-24,0.053170189098998885
2021-08-25,0.1804226918798665
2021-08-26,0.18887652947719688
2021-08-27,0.11056729699666296
2021-08-30,0.09276974416017797
2021-08-31,0.04382647385984427
2021-09-01,0.05050055617352613
2021-09-06,0.19688542825361513
2021-09-07,0.16796440489432704
2021-09-08,0.0002224694104560623
2021-09-09,-0.026108374384236445
2021-09-10,0.041871921182266
2021-09-13,-0.0004926108374384235
2021-09-14,-0.10591133004926105
2021-09-15,-0.06206896551724137
2021-09-16,0.04630541871921181
2021-09-17,0.0004926108374384235
2021-09-20,0.10050498906139833
2021-09-21,0.10591133004926105
2021-09-22,0.020197044334975364
2021-09-23,0.028571428571428564
2021-09-24,0.2014778325123152
2021-09-27,0.08423645320197042
2021-09-28,0.21871921182266005
2021-09-29,0.12019704433497534
2021-09-30,0.3620689655172413
2021-10-01,-0.05221674876847289
2021-10-04,-0.19310344827586204
2021-12-31,0.41357063403781974
2022-01-04,0.4700778642936596
2022-01-05,0.47319243604004446
2022-01-06,0.45317018909899887
2022-01-07,0.4589543937708565
2022-01-10,0.43270300333704115
2022-01-11,0.4567296996662959
2022-01-12,0.2565072302558398
2022-01-13,0.09899888765294772
2022-01-14,0.12347052280311456
2022-01-17,0.024249165739710785
2022-01-18,0.08520578420467186
2022-01-19,0.012235817575083427
2022-01-20,0.013125695216907676
2022-01-21,-0.13370411568409346
2022-01-24,-0.2547274749721913
2022-01-25,-0.1804226918798665
2022-01-26,-0.22269187986651834
2022-01-27,-0.14838709677419354
2022-01-28,-0.08520578420467186
2022-02-07,-0.14260289210233593
2022-02-08,-0.11902113459399331
2022-02-09,-0.1568409343715239
2022-02-10,-0.1385984427141268
2022-02-11,-0.2266963292547275
2022-02-14,-0.08075639599555061
2022-02-15,-0.0033370411568409346
2022-02-16,0.18798665183537264
2022-02-17,0.160845383759733
2022-02-18,0.21067853170189096
2022-02-21,0.10878754171301447
2022-02-22,-0.07497219132369298
2022-02-23,-0.041156840934371525
2022-02-24,-0.11679644048943269
2022-02-25,-0.13948832035595105
2022-02-28,-0.196440489432703
2022-03-01,-0.07586206896551724
2022-03-02,0.30856507230255836
2022-03-03,0.32547274749721916
2022-03-04,0.27430478309232476
2022-03-07,0.2983314794215795
2022-03-08,0.3236929922135706
2022-03-09,0.3450500556173526
2022-03-10,0.3699666295884316
2022-03-11,0.2004449388209121
2022-03-14,0.12791991101223582
2022-03-15,-0.13147942157953282
2022-03-16,0.03848720800889878
2022-03-17,-0.09766407119021134
2022-03-18,-0.10211345939933258
2022-03-21,0.08031145717463849
2022-03-22,0.15550611790878754
2022-03-23,0.3041156840934371
2022-03-24,0.02647385984427141
2022-03-25,0.2867630700778643
2022-03-28,0.19421579532814237
2022-03-29,-0.1243604004449388
2022-03-30,-0.023359288097886538
2022-03-31,0.064293659621802
2022-04-01,-0.13815350389321468
2022-04-04,0.0135706340378198
2022-04-05,0.06963292547274749
2022-04-06,-0.07764182424916574
2022-07-08,-0.1479421579532814
2022-07-11,-0.0843159065628476
2022-07-12,-0.014460511679644046
2022-07-13,-0.02269440441231985
2022-07-14,-0.08075639599555061
2022-07-15,-0.05494994438264739
2022-07-18,-0.1546162402669633
2022-07-19,-0.14482758620689654
2022-07-20,-0.07096774193548387
2022-07-21,-0.11234705228031144
2022-07-22,0.0011123470522803117
2022-07-25,0.08164627363737487
2022-07-26,0.09098998887652948
2022-07-27,0.03937708565072302
2022-07-28,-0.009121245828698554
2022-07-29,0.07185761957730812
2022-08-01,-0.10700778642936595
2022-08-02,0.10923248053392658
2022-08-03,0.17152391546162402
2022-08-04,-0.10878754171301447
2022-08-05,-0.014905450500556172
2022-08-08,-0.029143492769744164
2022-08-09,-0.04916573971078977
2022-08-10,-0.11056729699666296
2022-08-11,-0.15997330169076443
2022-08-12,-0.17953281423804227
2022-08-15,-0.20222469410456062
2022-08-16,-0.1870967741935484
2022-08-17,-0.19288097886540603
2022-08-18,-0.14126807563959956
2022-08-19,-0.038042269187986644
2022-08-22,-0.22580645161290322
2022-08-23,-0.2800889877641824
2022-08-24,-0.2520578420467186
2022-08-25,-0.20088987764182425
2022-08-26,-0.05005561735261402
2022-08-29,-0.021134593993325918
2022-08-30,-0.05761957730812013
2022-08-31,-0.15550611790878754
2022-09-05,-0.06251390433815351
2022-09-06,0.024249165739710785
2022-09-07,0.018020022246941044
2022-09-08,-0.030478309232480537
2022-09-09,-0.058954393770856504
2022-09-12,0.04338153503893215
2022-09-13,-0.11813125695216908
2022-09-14,-0.05361512791991101
2022-09-15,-0.054505005561735265
2022-09-16,-0.0028921023359288096
2022-09-19,-0.0033370411568409346
2022-09-20,0.1003337041156841
2022-09-21,0.22402669632925473
2022-09-22,0.33704115684093433
2022-09-23,0.4091212458286986
2022-09-26,0.4767519466073415
2022-09-27,0.47141268075639603
2022-09-28,0.5412680756395996
2022-09-29,0.38509454949944383
2022-09-30,0.47897664071190205
2022-10-03,0.23159065628476083
2022-10-04,0.21690767519466073
2022-10-05,0.1768631813125695
2022-10-06,0.22580645161290322
2023-01-05,0.14304783092324808
2023-01-06,0.13993325917686317
2023-01-09,0.10789766407119021
2023-01-10,-0.004226918798665183
2023-01-11,0.034482758620689655
2023-01-12,0.034482758620689655
2023-01-13,-0.024249165739710785
2023-01-16,0.0020022246941045607
2023-01-17,-0.08164627363737487
2023-01-18,0.031594170848523714
2023-01-19,-0.07408231368186874
2023-01-27,-0.14438264738598441
2023-01-30,-0.0033370411568409346
2023-01-31,-0.07185761957730812
2023-02-01,-0.08832035595105672
2023-02-02,-0.04471635150166852
2023-02-03,-0.16041829001257463
2023-02-06,-0.021134593993325918
2023-02-07,0.2060295929981194
2023-02-08,0.005561735261401557
2023-02-09,-0.009567248918919153
2023-02-10,-0.035817575083426034
2023-02-13,-0.13103448275862067
2023-02-14,-0.2978865406006674
2023-02-15,-0.24271412680756396
2023-02-16,-0.20380465138906845
2023-02-17,-0.20578420467185762
2023-02-20,-0.22313681868743046
2023-02-21,-0.23337041156840932
2023-02-22,-0.2943270300333704
2023-02-23,-0.3459399332591768
2023-02-24,-0.28453837597330367
2023-02-27,-0.39221357063403783
2023-02-28,-0.36952169076751945
2023-03-01,-0.49988876529477194
2023-03-02,-0.5314794215795328
2023-03-03,-0.48031145717463847
2023-03-06,-0.5452725250278087
2023-03-07,-0.54972191323693
2023-03-08,-0.4242491657397108
2023-03-09,-0.3472747497219132
2023-03-10,-0.3041156840934371
2023-03-13,-0.1768631813125695
2023-03-14,-0.16840934371523916
2023-03-15,-0.1670745272525028
2023-03-16,-0.10522803114571745
2023-03-17,-0.1670745272525028
2023-03-20,-0.14705228031145717
2023-03-21,-0.31523915461624025
2023-03-22,-0.3032258064516129
2023-03-23,-0.28142380422691876
2023-03-24,-0.21957730812013349
2023-03-27,-0.2449388209121246
2023-03-28,-0.185761957730812
2023-03-29,-0.2716351501668521
2023-03-30,-0.1332591768631813
2023-03-31,-0.1296996662958843
2023-04-03,-0.2186874304783092
2023-04-04,-0.21690767519466073
2023-04-05,-0.1479586170018892
2023-04-06,-0.05094549499443826
2023-04-07,0.0206988669516647
2023-04-10,0.12658509454949946
2023-07-12,-0.3125695216907675
2023-07-13,-0.40155728587319245
2023-07-14,-0.29032258064516125
2023-07-17,-0.20622914349276972
2023-07-18,-0.24849833147942155
2023-07-19,-0.1911012235817575
2023-07-20,-0.06829810901001113
2023-07-21,-0.21023359288097884
2023-07-24,-0.0037819799777530586
2023-07-25,0.17730812013348163
2023-07-26,0.13948832035595105
2023-07-27,0.10478309232480533
2023-07-28,0.07230255839822024
2023-07-31,0.028698553948832032
2023-08-01,0.06206896551724137
2023-08-02,0.03670745272525028
2023-08-03,-0.10923248053392658
2023-08-04,0.03759733036707453
2023-08-07,0.20222469410456062
2023-08-08,0.10923248053392658
2023-08-09,0.16662958843159065
2023-08-10,0.195794861596485
2023-08-11,0.12703003337041155
2023-08-14,0.2520578420467186
2023-08-15,0.17997775305895441
2023-08-16,0.13192436040044492
2023-08-17,0.27519466073414905
2023-08-18,0.14395372210559748
2023-08-21,-0.030478309232480537
2023-08-22,0.029588431590656286
2023-08-23,0.27697441601779754
2023-08-24,0.33036707452725245
2023-08-25,0.3432703003337041
2023-08-28,0.1474972191323693
2023-08-29,0.09543937708565071
2023-08-30,-0.034037819799777526
2023-08-31,0.03136818687430478
2023-09-05,0.16331071410434086
2023-09-06,0.27697441601779754
2023-09-07,0.2489432703003337
2023-09-08,0.2703003337041157
2023-09-11,0.28720800889877635
2023-09-12,0.3348164627363737
2023-09-13,0.39443826473859844
2023-09-14,0.3090100111234705
2023-09-15,0.36284760845383757
2023-09-18,0.5563959955506118
2023-09-19,0.5986651835372636
2023-09-20,0.421579532814238
2023-09-21,0.5715239154616241
2023-09-22,0.45850945494994433
2023-09-25,0.46651835372636263
2023-09-26,0.36952169076751945
2023-09-27,0.24671857619577306
2023-09-28,0.12080088987764183
2023-09-29,0.1479421579532814
2023-10-02,0.0424916573971079
2023-10-03,0.06607341490545049
2023-10-04,0.23692992213570632
2023-10-05,0.0424916573971079
2023-10-06,-0.0967741935483871
2023-10-09,-0.182202447163515
2023-10-10,-0.028698553948832032
2024-01-09,0.7014460511679643
2024-01-10,0.6376682651540068
2024-01-11,0.625361512791991
2024-01-12,0.49499443826473855
2024-01-15,0.3868743047830923
2024-01-16,0.32769744160177977
2024-01-17,0.4353726362625139
2024-01-18,0.26184649610678534
2024-01-19,0.41045606229143494
2024-01-22,0.32146829810900995
2024-01-23,0.33659621802002226
2024-01-24,0.4042269187986652
2024-01-25,0.4229143492769744
2024-01-26,0.22580645161290322
2024-01-29,0.2413793103448276
2024-01-30,0.24716351501668518
2024-01-31,0.17997775305895441
2024-02-01,0.12614015572858733
2024-02-02,0.15194660734149054
2024-02-05,-0.13815350389321468
2024-02-06,-0.11368186874304784
2024-02-07,-0.20222469410456062
2024-02-15,-0.23025583982202447
2024-02-16,-0.14571746384872078
2024-02-19,-0.07363737486095662
2024-02-20,-0.07274749721913237
2024-02-21,-0.034482758620689655
2024-02-22,-0.022914349276974413
2024-02-23,-0.05361512791991101
2024-02-26,0.0135706340378198
2024-02-27,0.18183843332806515
2024-02-28,-0.08855267604022843
2024-02-29,-0.033592880978865404
2024-03-01,0.07586206896551724
2024-03-04,0.10077864293659622
2024-03-05,-0.00689655172413793
2024-03-06,0.04338153503893215
2024-03-07,0.28097886540600664
2024-03-08,0.25542329671905084
2024-03-11,0.14660734149054505
2024-03-12,0.20800889877641823
2024-03-13,0.08743047830923248
2024-03-14,0.05494994438264739
2024-03-15,-0.1332591768631813
2024-03-18,-0.12658509454949946
2024-03-19,0.060289210233592884
2024-03-20,0.07096774193548387
2024-03-21,-0.026028921023359287
2024-03-22,-0.0460511679644049
2024-03-25,0.11946607341490545
2024-03-26,-0.010901001112347052
2024-03-27,-0.12525027808676306
2024-03-28,-0.07185761957730812
2024-03-29,-0.22714126807563956
2024-04-01,-0.15194660734149054
2024-04-02,-0.12080088987764183
2024-04-03,-0.02246941045606229
2024-04-04,-0.023804226918798663
2024-04-05,0.08565072302558399
2024-04-08,-0.017130144605116793
2024-04-09,0.09365962180200223
2024-04-10,0.1532814238042269
2024-04-11,0.071412680756396
2024-07-16,0.12658509454949946
2024-07-17,-0.10522803114571745
2024-07-18,-0.14616240266963293
2024-07-19,-0.1604004449388209
2024-07-22,-0.03492769744160178
2024-07-23,0.21201334816462733
2024-07-24,0.13815350389321468
2024-07-25,0.02246941045606229
2024-07-26,0.08832035595105672
2024-07-29,0.06785317018909899
2024-07-30,0.06162402669632924
2024-07-31,0.021134593993325918
2024-08-01,0.2876529477196885
2024-08-02,0.20667408231368187
2024-08-05,0.2645161290322581
2024-08-06,0.013125695216907676
2024-08-07,0.09899888765294772
2024-08-08,0.12258064516129033
2024-08-09,0.07545070856574551
2024-08-12,0.10700778642936595
2024-08-13,-0.06384872080088987
2024-08-14,-0.11768631813125695
2024-08-15,0.11590656284760845
2024-08-16,-0.13460896734758343
2024-08-19,-0.028698553948832032
2024-08-20,0.06963292547274749
2024-08-21,-0.0654132833060984
2024-08-22,0.06740823136818688
2024-08-23,0.04516129032258065
2024-08-26,0.05939933259176862
2024-08-27,0.24271412680756396
2024-08-28,0.17730812013348163
2024-08-29,0.196440489432703
2024-08-30,0.14482758620689654
2024-09-04,0.08832035595105672
2024-09-05,-0.10878754171301447
2024-09-06,-0.1586206896551724
2024-09-09,-0.01579532814238042
2024-09-10,-0.02647385984427141
2024-09-11,-0.06384872080088987
2024-09-12,-0.06562847608453837
2024-09-13,-0.04338153503893215
2024-09-16,0.01668520578420467
2024-09-17,-0.013125695216907676
2024-09-18,-0.04427141268075639
2024-09-19,0.05183537263626252
2024-09-20,0.1421579532814238
2024-09-23,0.11590656284760845
2024-09-24,0.06254173777868581
2024-09-25,-0.08876529477196884
2024-09-26,-0.0389321468298109
2024-09-27,0.13815350389321468
2024-09-30,0.0781215301078958
2024-10-01,0.24941595437461328
2024-10-02,0.12169076751946609
2024-10-03,0.28453837597330367
2024-10-04,0.22471910251414753
2024-10-07,0.10878754171301447
2024-10-08,0.035817575083426034
2024-10-09,-0.029143492769744164
2024-10-10,-0.033592880978865404
2024-10-11,0.14883203559510566
2024-10-14,0.027808676307007785
2025-01-13,0.46785317018909905
2025-01-14,0.4687430478309232
2025-01-15,0.4353726362625139
2025-01-16,0.42869855394883205
2025-01-17,0.46918798665183536
2025-01-20,0.43359288097886545
2025-01-21,0.48075639599555064
2025-01-22,0.3228031145717464
2025-01-23,0.19021134593993325
2025-01-24,0.16796440489432704
2025-02-03,0.26273637374860953
2025-02-04,0.2774193548387097
2025-02-05,0.182202447163515
2025-02-06,0.05361512791991101
2025-02-07,0.11546162402669634
2025-02-10,-0.04516129032258065
2025-02-11,-0.1604004449388209
2025-02-12,-0.16529477196885425
2025-02-13,-0.25739710789766407
2025-02-14,-0.33440872384036013
2025-02-17,-0.27430478309232476
2025-02-18,-0.2395995550611791
2025-02-19,-0.19555061179087874
2025-02-20,-0.021579532814238044
2025-02-21,-0.16440489432703
2025-02-24,-0.046496106785317015
2025-02-25,-0.0064516129032258064
2025-02-26,0.00867630700778643
2025-02-27,0.04382647385984427
2025-02-28,0.08276782785669592
2025-03-03,0.2796440489432703
2025-03-04,0.3397107897664071
2025-03-05,0.4771968854282535
2025-03-06,0.34638487208008895
2025-03-07,0.20177975528364847
2025-03-10,0.30589543937708563
2025-03-11,0.11368186874304784
2025-03-12,0.14482758620689654
2025-03-13,0.15951056729699667
2025-03-14,0.0424916573971079
2025-03-17,0.04382647385984427
2025-03-18,-0.01268075639599555
2025-03-19,0.060289210233592884
2025-03-20,0.18531701890989988
2025-03-21,0.16307007786429364
2025-03-24,-0.0914349276974416
2025-03-25,-0.07586206896551724
2025-03-26,-0.12302558398220245
2025-03-27,-0.21334816462736375
2025-03-28,-0.22180200222469412
2025-03-31,-0.0353726362625139
2025-04-01,-0.16662958843159065
2025-04-02,-0.18264738598442715
2025-04-03,0.15906562847608455
2025-04-04,0.018909899888765295
2025-04-08,-0.01268075639599555
2025-04-09,-0.0046718576195773085
2025-04-10,0.005116796440489433
2025-04-11,-0.10789766407119021
2025-04-14,-0.13681868743047831
2025-04-15,-0.022914349276974413
2025-04-16,0.07452725250278086
2025-04-17,0.1568409343715239
2025-07-21,0.06162402669632924
2025-07-22,0.27786429365962184
2025-07-23,0.24271412680756396
2025-07-24,0.3139043381535039
2025-07-25,0.37708565072302563
2025-07-28,0.160845383759733
2025-07-29,0.34949944382647385
2025-07-30,0.37174638487208006
2025-07-31,0.27786429365962184
2025-08-01,0.4273637374860957
2025-08-04,0.5804226918798664
2025-08-05,0.5728587319243604
2025-08-06,0.5457174638487208
2025-08-07,0.25294771968854285
2025-08-08,0.21913236929922134
2025-08-11,0.2783092324805339
2025-08-12,0.21913236929922134
2025-08-13,0.09232480533926585
2025-08-14,0.019799777530589546
2025-08-15,0.07675194660734148
2025-08-18,-0.11056729699666296
2025-08-19,-0.1292547274749722
2025-08-20,-0.18467015355123015
2025-08-21,-0.22224694104560622
2025-08-22,-0.4024471635150167
2025-08-25,-0.06251390433815351
2025-08-26,-0.1510567296996663
2025-08-27,-0.0878754171301446
2025-08-28,-0.18531701890989988
2025-08-29,-0.26985539488320354
2025-09-03,-0.13592880978865407
2025-09-04,0.014905450500556172
2025-09-05,0.15016685205784203
2025-09-08,0.23114571746384868
2025-09-09,0.14527252502780869
2025-09-10,0.0967741935483871
2025-09-11,0.2711902113459399
2025-09-12,0.35350389321468295
2025-09-15,0.26807563959955505
2025-09-16,0.30189098998887653
2025-09-17,0.22625139043381537
2025-09-18,0.25739710789766407
2025-09-19,0.2502780867630701
2025-09-22,0.21201334816462733
2025-09-23,0.1479421579532814
2025-09-24,-0.11635150166852058
2025-09-25,-0.0424916573971079
2025-09-26,-0.23515016685205786
2025-09-29,-0.38598442714126807
2025-09-30,-0.2916573971078976
2025-10-01,-0.3775305895439377
2025-10-02,-0.44293659621801995
2025-10-03,-0.5105672969966629
2025-10-06,-0.4411568409343715
2025-10-07,-0.34371523915461627
2025-10-08,-0.4509454949944383
2025-10-09,-0.5038932146829811
2025-10-10,-0.5047830923248053
2025-10-13,-0.4068965517241379
2025-10-14,-0.4518353726362625
2025-10-15,-0.34905450500556173
2025-10-16,-0.33926585094549494
2025-10-17,-0.42335928809788653
2026-01-19,-0.06140838840980666
2026-01-20,0.018020022246941044
2026-01-21,0.001557285873192436
2026-01-22,0.11857619577308119
2026-01-23,0.17374860956618463
2026-01-26,0.019799777530589546
2026-01-27,0.047385984427141266
2026-01-28,-0.1479421579532814
2026-01-29,0.030478309232480537
2026-01-30,0.04427141268075639
2026-02-02,-0.005116796440489433
2026-02-03,0.15061179087875418
2026-02-04,0.30634037819799775
2026-02-05,0.26585094549499444
2026-02-06,0.055394883203559515
2026-02-09,0.11368186874304784
2026-02-10,-0.05050055617352613
2026-02-11,-0.09766407119021134
2026-02-12,-0.071412680756396
2026-02-13,-0.058064516129032254
2026-02-23,-0.09766407119021134
2026-02-24,0.07630700778642936
2026-02-25,0.12703003337041155
2026-02-26,0.18665183537263624
2026-02-27,0.13281423804226916
2026-03-02,0.014905450500556172
2026-03-03,0.08609566184649611
2026-03-04,-0.17864293659621802
2026-03-05,-0.2645161290322581
2026-03-06,-0.2765294771968854
2026-03-09,-0.47230255839822033
2026-03-10,-0.6351501668520578
2026-03-11,-0.4972191323692992
2026-03-12,-0.4651835372636262
2026-03-13,-0.2876529477196885
2026-03-16,-0.3890989988876529
2026-03-17,-0.17997775305895441
2026-03-18,-0.19199110122358176
2026-03-19,-0.18798665183537264
2026-03-20,-0.20978865406006672
2026-03-23,0.0006674082313681868
2026-03-24,-0.16440489432703
2026-03-25,-0.2164627363737486
2026-03-26,-0.2863181312569522
2026-03-27,-0.23292547274749723
2026-03-30,-0.26184649610678534
2026-03-31,-0.5332591768631813
2026-04-01,-0.34949944382647385
2026-04-02,-0.3054505005561735
2026-04-03,-0.19199110122358176
2026-04-06,-0.06651835372636263
2026-04-07,-0.010011123470522802
2026-04-08,-0.05761957730812013
2026-04-09,-0.0914349276974416
2026-04-10,-0.013125695216907676
2026-04-13,0.14972191323692993
2026-04-14,-0.09365962180200223
2026-04-15,-0.09988876529477196
2026-04-16,-0.18309232480533927
2026-04-17,-0.24716351501668518
2026-04-20,-0.2961067853170189
2026-04-21,-0.3797552836484983
2026-04-22,-0.1959955506117909
